,propensity,fdr,n_samples,ensembl_id
ARMCX6,0.1821994301473896,0.022147868470880756,346.0,ENSG00000198960
BCL2L1,0.30493901668480394,5.186269172347128e-06,346.0,ENSG00000171552
CD19,-0.2153214463284414,0.004020817684206366,346.0,ENSG00000177455
CTBP2,0.17309262205709466,0.03245830387993225,346.0,ENSG00000175029
DLG5,0.17763430414374362,0.026940533629705523,346.0,ENSG00000151208
HORMAD1,-0.2036138158798344,0.007189382319720974,346.0,ENSG00000143452
HTR7,0.20818589678236793,0.005708817541971948,346.0,ENSG00000148680
KISS1,-0.17393350952373693,0.03139040088859636,346.0,ENSG00000170498
MYBL2,0.1858999299511125,0.018591101181887244,346.0,ENSG00000101057
AARS2,-0.1641208323101251,0.04538498520683505,346.0,ENSG00000124608
ABHD3,0.16691862879376754,0.040878714490174495,346.0,ENSG00000158201
ABI1,0.18465435105742295,0.019610894409449554,346.0,ENSG00000136754
ABI3,-0.18809608661013144,0.01662411289222972,346.0,ENSG00000108798
ABT1,-0.19762768325728242,0.010141070590704375,346.0,ENSG00000146109
ACACB,0.16846247760700858,0.03861201997817472,346.0,ENSG00000076555
ACLY,-0.263812030992566,0.00018552806184683081,346.0,ENSG00000131473
ACOD1,-0.17225192350768936,0.033501974564620424,346.0,ENSG00000102794
ACOT4,-0.1730760522714257,0.03245830387993225,346.0,ENSG00000177465
ACSL3,-0.20954212559121377,0.0052973032128216975,346.0,ENSG00000123983
ACSL4,-0.20996590790225853,0.005198254570677925,346.0,ENSG00000068366
ACSS2,-0.21425483798477582,0.004245321977701899,346.0,ENSG00000131069
ADAMTSL1,0.18665271609304687,0.017894915693251908,346.0,ENSG00000178031
AFF1,-0.18818977674911164,0.016546969211596915,346.0,ENSG00000172493
AGAP6,0.17785022591796848,0.026874883723578255,346.0,ENSG00000204149
AGO4,0.16247347507645632,0.04851686865510644,346.0,ENSG00000134698
AGR2,0.18513633548324565,0.019174868385672162,346.0,ENSG00000106541
AGR3,0.16817393133568823,0.03889183846387774,346.0,ENSG00000173467
AHCTF1,0.19171185672242827,0.01391877179083661,346.0,ENSG00000153207
AHSG,-0.20340664310802736,0.007284866561443019,346.0,ENSG00000145192
AJUBA,-0.16817912655338607,0.03889183846387774,346.0,ENSG00000129474
AK2,-0.2772339061057023,6.136786629923521e-05,346.0,ENSG00000004455
AKAP1,-0.18910877807575852,0.015883674650104602,346.0,ENSG00000121057
AKAP13,-0.22388064204365357,0.0025182406250365366,346.0,ENSG00000170776
AKT1,0.17092092746948195,0.03523750132231208,346.0,ENSG00000142208
ALAD,-0.17206395365886548,0.03368453054744756,346.0,ENSG00000148218
ALAS1,-0.1770678940859149,0.027294952053447983,346.0,ENSG00000023330
ALDOB,0.17319049752902738,0.03241297027615675,346.0,ENSG00000136872
ALG1,-0.27402522360211634,7.650493487682154e-05,346.0,ENSG00000033011
ALG10B,0.17278923463189197,0.03288456038931589,346.0,ENSG00000175548
ALG13,-0.20578205213978468,0.006439515862971094,346.0,ENSG00000101901
ALKAL2,0.16831077302968284,0.03883326052125761,346.0,ENSG00000189292
AMOT,-0.16293267529104508,0.04776953467933589,346.0,ENSG00000126016
ANKRD12,0.1753156928532466,0.02946307663431496,346.0,ENSG00000101745
ANKRD26,-0.21772991277049453,0.0035725179204673307,346.0,ENSG00000107890
ANKRD30A,0.1725215552196913,0.033142109645580654,346.0,ENSG00000148513
ANP32A,0.18011639404402346,0.024302886245220548,346.0,ENSG00000140350
ANXA5,-0.16428707912344254,0.04508569312114026,346.0,ENSG00000164111
AP1M1,-0.23464115430662263,0.0013023025220870923,346.0,ENSG00000072958
AP3M1,0.17311796393946546,0.03245830387993225,346.0,ENSG00000185009
AP3S2,0.18973749834239706,0.015322112665687152,346.0,ENSG00000157823
APLF,-0.1677157513105382,0.03951159624743404,346.0,ENSG00000169621
AQP5,-0.20029189620954907,0.008827278451614002,346.0,ENSG00000161798
ARAP2,-0.1980062635940723,0.010008838777530843,346.0,ENSG00000047365
ARFRP1,-0.2049745643976974,0.006657643478855638,346.0,ENSG00000101246
ARHGAP45,-0.20230690043945276,0.007819076941855555,346.0,ENSG00000180448
ARHGEF39,-0.17306323267831875,0.03245830387993225,346.0,ENSG00000137135
ARL2,-0.19791778341643718,0.010049831653517149,346.0,ENSG00000213465
ARL2BP,0.1704916655197759,0.03569420546492268,346.0,ENSG00000102931
ARSD,-0.21973062926866255,0.003178295286577134,346.0,ENSG00000006756
ARTN,-0.1781513558635021,0.026787736179114893,346.0,ENSG00000117407
ATF4,0.17236095455589073,0.03336100079094043,346.0,ENSG00000128272
ATP1B3,-0.35055895079680943,3.23225686214311e-08,346.0,ENSG00000069849
ATP6V0C,0.1715336128312111,0.03435712919610281,346.0,ENSG00000185883
ATP6V1B2,-0.16319743872200515,0.04742852233120798,346.0,ENSG00000147416
ATXN3,0.20645930315151964,0.0062545954575951345,346.0,ENSG00000066427
AVPR2,0.16397251484933756,0.04568250634135275,346.0,ENSG00000126895
BABAM1,-0.16221033529059958,0.04900815242569816,346.0,ENSG00000105393
BBS10,-0.19647422901016112,0.01078336396196994,346.0,ENSG00000179941
BBS12,-0.1713396218430851,0.034655942299297283,346.0,ENSG00000181004
BCL2,-0.19454034665097508,0.011814212881039362,346.0,ENSG00000171791
BCL2L10,0.18037457949236113,0.023957035872377276,346.0,ENSG00000137875
BCL7C,-0.16336410566828308,0.04704797838243138,346.0,ENSG00000099385
BCL9L,0.2689171972080071,0.00011926280913644835,346.0,ENSG00000186174
BEND6,0.20108310931959994,0.008400758100180018,346.0,ENSG00000151917
BIRC6,0.19583707658179744,0.011170387459035596,346.0,ENSG00000115760
BMPR1A,0.20506425110245033,0.006630688582504793,346.0,ENSG00000107779
BPIFB6,0.1753213470978689,0.02946307663431496,346.0,ENSG00000167104
BPNT1,0.16636153598286058,0.041619898155674476,346.0,ENSG00000162813
BPTF,-0.23279801380905768,0.0014737593547642183,346.0,ENSG00000171634
BRAF,-0.19516662461934026,0.011571972066689579,346.0,ENSG00000157764
BRD2,-0.20932154253653645,0.005337621821635504,346.0,ENSG00000204256
BRIP1,-0.16520447754834708,0.04354006678191687,346.0,ENSG00000136492
BTF3,-0.16514195713833518,0.04354006678191687,346.0,ENSG00000145741
BTN2A1,-0.20802504861484367,0.005723799791521841,346.0,ENSG00000112763
BTNL3,-0.18549851687537186,0.018909266322016165,346.0,ENSG00000168903
C16orf87,0.2493564577520166,0.000499377069390999,346.0,ENSG00000155330
C18orf21,-0.2183783736766305,0.003461450545674057,346.0,ENSG00000141428
C18orf32,0.20450633100764404,0.006864627889584695,346.0,ENSG00000177576
AIRIM,-0.27854943959658707,5.723709128460264e-05,346.0,
C1orf122,0.18230415479413342,0.02207456140597739,346.0,ENSG00000197982
C4orf19,0.16435319592960557,0.04499880512430297,346.0,ENSG00000154274
C5orf15,0.16317653568082668,0.04742852233120798,346.0,ENSG00000113583
C8orf33,0.1806910508786702,0.023603047734594915,346.0,ENSG00000182307
CAGE1,-0.19100505973729587,0.014434416444377717,346.0,ENSG00000164304
CAPZB,0.22065581163206732,0.003083516045920633,346.0,ENSG00000077549
CASP7,0.24489975873216407,0.0006834247168062932,346.0,ENSG00000165806
CBFB,-0.18828974734421855,0.016502374328454597,346.0,ENSG00000067955
CBLC,-0.17081760771509708,0.03533401865753204,346.0,ENSG00000142273
CCDC174,0.18694966992651663,0.01760757826714716,346.0,ENSG00000154781
CCDC22,-0.21006256333952317,0.005198254570677925,346.0,ENSG00000101997
CCDC47,-0.23565753078483026,0.0012139920439356677,346.0,ENSG00000108588
CCDC6,-0.2536160480557697,0.00038246958344462576,346.0,ENSG00000108091
CCDC87,0.20049168538588535,0.008717431740555006,346.0,ENSG00000182791
CCL13,0.16995008956838348,0.0362755400576505,346.0,ENSG00000181374
CCL23,0.18136927667297464,0.0229841805619813,346.0,ENSG00000274736
CCM2,-0.21733947590669953,0.00363727300706456,346.0,ENSG00000136280
CCND1,0.17511458987660922,0.029773517917577857,346.0,ENSG00000110092
CCND3,-0.24242056781341942,0.0008199900895303542,346.0,ENSG00000112576
CCNT1,-0.28342280936553066,3.863851728458227e-05,346.0,ENSG00000129315
CCT8,-0.2387379445952202,0.0010033380383314776,346.0,ENSG00000156261
CD300LG,-0.17535587263616692,0.02946307663431496,346.0,ENSG00000161649
CD79A,-0.2007387720177224,0.008601281101899285,346.0,ENSG00000105369
CDAN1,-0.19468944067394114,0.011814212881039362,346.0,ENSG00000140326
CDC20,0.19410264339085959,0.012111116113914628,346.0,ENSG00000117399
CDC42,-0.1735162135063607,0.0320193268154704,346.0,ENSG00000070831
CDC42BPG,-0.1631306456898799,0.04742852233120798,346.0,ENSG00000171219
CDC6,0.21773408265450075,0.0035725179204673307,346.0,ENSG00000094804
CDC7,0.26051542274307915,0.00023913628209971862,346.0,ENSG00000097046
CDCA2,0.19843432920733983,0.00982576257324666,346.0,ENSG00000184661
CDIN1,-0.17706581549746914,0.027294952053447983,346.0,ENSG00000186073
CDIPT,-0.19708707932866254,0.01045506733178255,346.0,ENSG00000103502
CDK1,0.16744718526309993,0.04000457393703445,346.0,ENSG00000170312
CDK2,0.18095986622745128,0.023409531535171765,346.0,ENSG00000123374
CDK3,-0.17083469945893165,0.03533401865753204,346.0,ENSG00000250506
CDK6,-0.21694445885508434,0.0037143133505674747,346.0,ENSG00000105810
CDK7,-0.2346734441387217,0.0013023025220870923,346.0,ENSG00000134058
CDK9,-0.23324776884379056,0.0014255133225069179,346.0,ENSG00000136807
CDR2L,-0.17039087666541586,0.03569420546492268,346.0,ENSG00000109089
CDS2,-0.37443765275159746,1.8037270298973146e-09,346.0,ENSG00000101290
CDX2,0.19579289552818038,0.011179848338697524,346.0,ENSG00000165556
CEBPZ,-0.19157739712097424,0.014024556972675614,346.0,ENSG00000115816
CENATAC,0.17125204505644206,0.03480852642472345,346.0,ENSG00000186166
CENPT,0.2055390564205335,0.00650413286986798,346.0,ENSG00000102901
CEP20,-0.16805356252055575,0.038958316761098656,346.0,ENSG00000133393
CEP55,-0.2856004472633713,3.206649121242435e-05,346.0,ENSG00000138180
CEP76,-0.256838587286429,0.0003165489668389623,346.0,ENSG00000101624
CFAP298,0.203866347339072,0.007110816035121087,346.0,ENSG00000159079
CFAP69,-0.17655464452238867,0.02784294296356005,346.0,ENSG00000105792
CFAP97,-0.2310105405266502,0.0016249361336697645,346.0,ENSG00000164323
CFL1,-0.177400899785695,0.027142236464547102,346.0,ENSG00000172757
CGAS,-0.25337961555213556,0.0003838819613201101,346.0,ENSG00000164430
CHD4,0.17405025325230483,0.03127015245870049,346.0,ENSG00000111642
CHMP1A,0.1719249351307126,0.033853657869263566,346.0,ENSG00000131165
CHMP2A,0.19842326995743026,0.00982576257324666,346.0,ENSG00000130724
CHMP4A,-0.18977988598160866,0.015322112665687152,346.0,ENSG00000254505
CHMP4B,-0.3595162485299879,1.2406771887318999e-08,346.0,ENSG00000101421
CHMP6,0.16188496426172513,0.04974404937206713,346.0,ENSG00000176108
CHRNA3,-0.1725963421110328,0.03307177865343713,346.0,ENSG00000080644
CHRNB2,-0.21407458099803217,0.004245321977701899,346.0,ENSG00000160716
CHUK,-0.19002829502681484,0.015119609405549602,346.0,ENSG00000213341
CIAO1,-0.2551614093404052,0.00034947764647502597,346.0,ENSG00000144021
CIART,-0.1902343600111005,0.014960200045155735,346.0,ENSG00000159208
CILP,-0.17625374639182317,0.02824871176433986,346.0,ENSG00000138615
CLDN3,-0.2499069667555983,0.00048373161716471413,346.0,ENSG00000165215
CLDN7,-0.2106988691803133,0.005120843456956231,346.0,ENSG00000181885
CLEC4D,0.17899576208732504,0.025670547852457433,346.0,ENSG00000166527
CLNK,0.19353326726312042,0.012461242735815703,346.0,ENSG00000109684
CLNS1A,0.20939153430036858,0.005331735277421492,346.0,ENSG00000074201
CNOT7,0.1639181049361193,0.04577315037888917,346.0,ENSG00000198791
COA3,-0.16658293706751223,0.04137729262388194,346.0,ENSG00000183978
COA5,-0.18082665964595412,0.023505972254801992,346.0,ENSG00000183513
COA7,-0.20608188121325843,0.006347589683632456,346.0,ENSG00000162377
COIL,0.1809369526297071,0.023409531535171765,346.0,ENSG00000121058
COMMD2,-0.21198320336475057,0.004736297251385134,346.0,ENSG00000114744
COMMD3,-0.1766794019052891,0.02784294296356005,346.0,ENSG00000148444
COMMD4,-0.16516559996461144,0.04354006678191687,346.0,ENSG00000140365
COPS8,0.21407478023151838,0.004245321977701899,346.0,ENSG00000198612
COQ3,-0.1993335922059758,0.009392759554516057,346.0,ENSG00000132423
COQ7,-0.17209623668932789,0.0336596417134111,346.0,ENSG00000167186
COX20,-0.16820657936753516,0.03889183846387774,346.0,ENSG00000203667
CPNE4,-0.16688431483039512,0.040878714490174495,346.0,ENSG00000196353
CPOX,-0.22025034675320473,0.003085759238208514,346.0,ENSG00000080819
CRAMP1,0.20642645307148488,0.0062545954575951345,346.0,ENSG00000007545
CRISP1,0.22609696187568773,0.0021851545320318586,346.0,ENSG00000124812
CSTB,-0.19764511520628228,0.010141070590704375,346.0,ENSG00000160213
CTDNEP1,-0.21678294222989591,0.003748087551036157,346.0,ENSG00000175826
CTNNB1,0.37192129142452457,2.2648093055096622e-09,346.0,ENSG00000168036
CTU1,-0.17725770415979814,0.027199071549187156,346.0,ENSG00000142544
CTU2,-0.22984819162351733,0.0017495301418098458,346.0,ENSG00000174177
CUL2,-0.1640401539772811,0.045538671273321646,346.0,ENSG00000108094
CUTC,-0.17409595064620234,0.03126129555517592,346.0,ENSG00000119929
CYB561A3,-0.1662269992217481,0.041929583156019815,346.0,ENSG00000162144
CYB5B,-0.3320470237576525,3.541205130951567e-07,346.0,ENSG00000103018
CYB5R4,0.21030290150272624,0.005196773095055045,346.0,ENSG00000065615
CYLD,0.2085283437865972,0.005610479190098666,346.0,ENSG00000083799
CYP2C18,0.2734984359924221,7.797697002928692e-05,346.0,ENSG00000108242
CYP51A1,-0.16595619546443288,0.0423603134067728,346.0,ENSG00000001630
DAB1,0.1824087139518606,0.021987248947673687,346.0,ENSG00000173406
DAB2IP,-0.19190361687939445,0.013756002677676061,346.0,ENSG00000136848
DARS2,-0.1915239088598124,0.014047862277957547,346.0,ENSG00000117593
DBX2,-0.1621596548609072,0.04900815242569816,346.0,ENSG00000185610
DCAF15,-0.1734451455434386,0.032035667783456075,346.0,ENSG00000132017
DCPS,-0.2503044685202151,0.0004706209874882259,346.0,ENSG00000110063
DCST1,-0.17064219874501768,0.035542474887113304,346.0,ENSG00000163357
DCST2,-0.16313475951297327,0.04742852233120798,346.0,ENSG00000163354
DCTN5,-0.18297354993882733,0.02133266572886182,346.0,ENSG00000166847
DDX1,-0.18587666694432775,0.018591101181887244,346.0,ENSG00000079785
DDX19B,0.2041509122931751,0.006995713117799092,346.0,ENSG00000157349
DDX21,-0.23788005429541292,0.0010682725462504918,346.0,ENSG00000165732
DDX39B,0.24438787916941285,0.0007103302219542817,346.0,ENSG00000198563
DDX3X,0.1766229447040032,0.02784294296356005,346.0,ENSG00000215301
DDX47,-0.20718167538237747,0.006043126145430299,346.0,ENSG00000213782
DDX49,-0.3032023177318105,6.124866279923713e-06,346.0,ENSG00000105671
DDX51,-0.18165942446690397,0.022732787468804375,346.0,ENSG00000185163
DEFB118,0.1827533408251733,0.021557943429602166,346.0,ENSG00000131068
DEFB125,0.1647404710228523,0.04425776340646111,346.0,ENSG00000178591
DENND4C,0.432664866080554,1.9006335795020085e-13,346.0,ENSG00000137145
DHRS4,-0.2063479870045889,0.006256363441385997,346.0,ENSG00000157326
DHRS7,0.16697938961539782,0.04082673778398686,346.0,ENSG00000100612
DHX33,-0.20544855266018938,0.006530750072253922,346.0,ENSG00000005100
DHX8,0.22406756331092104,0.0025176018183899183,346.0,ENSG00000067596
DHX9,0.23025258978119684,0.001698925291361505,346.0,ENSG00000135829
DICER1,-0.1799634285106667,0.02443356366629019,346.0,ENSG00000100697
DIMT1,-0.18796189663507995,0.01671567287011199,346.0,ENSG00000086189
DKC1,-0.20888765307523638,0.005488627613703449,346.0,ENSG00000130826
DLGAP3,0.16493497171553434,0.04397295491524739,346.0,ENSG00000116544
DLST,-0.18327191937277812,0.021117627199409978,346.0,ENSG00000119689
DMRTB1,-0.1954659686649889,0.01137208152965056,346.0,ENSG00000143006
DNAI4,0.1832511390594361,0.021117627199409978,346.0,ENSG00000152763
DNAJB8,0.16306307803484094,0.047577970494390574,346.0,ENSG00000179407
DNAJC22,-0.18328589388851213,0.021117627199409978,346.0,ENSG00000178401
DNAJC24,-0.22632662770372977,0.0021837956419171584,346.0,ENSG00000170946
DNLZ,-0.1680297936396404,0.038958316761098656,346.0,ENSG00000213221
DOCK2,-0.27664568641805304,6.273342487194352e-05,346.0,ENSG00000134516
DOHH,-0.23932804370588692,0.0009871643191499684,346.0,ENSG00000129932
DOLK,-0.22550607300629177,0.0022864681874090183,346.0,ENSG00000175283
DOLPP1,-0.1935292658081466,0.012461242735815703,346.0,ENSG00000167130
DPEP2,0.25835110114883175,0.0002843057547105504,346.0,ENSG00000167261
DPH1,-0.21252447002868138,0.004625090841208114,346.0,ENSG00000108963
DPH2,-0.20572638187210457,0.006448149746857238,346.0,ENSG00000132768
DPH3,-0.22616146318438685,0.002184941406411553,346.0,ENSG00000154813
DPH5,-0.16817145656829355,0.03889183846387774,346.0,ENSG00000117543
DPH6,-0.16558119527979476,0.04308167341125311,346.0,ENSG00000134146
DPP4,-0.19053472424185938,0.014733670808876066,346.0,ENSG00000197635
DPY30,-0.16989133903688952,0.03636744303846812,346.0,ENSG00000162961
DTD2,0.1777485994066755,0.026874883723578255,346.0,ENSG00000129480
DUSP16,0.17497191423922465,0.02992454814076871,346.0,ENSG00000111266
DYNLL2,-0.2309692106223495,0.0016249361336697645,346.0,ENSG00000264364
EBF1,-0.24649508602755582,0.0006115655171471091,346.0,ENSG00000164330
EEF1A1,-0.3579975461610509,0.005186060659718564,116.0,ENSG00000156508
EEFSEC,-0.27847140323647745,5.723709128460264e-05,346.0,ENSG00000132394
EEIG1,0.17185547427311879,0.03385999086302964,346.0,
EFHD1,0.16703454453773958,0.04078112631968898,346.0,ENSG00000115468
EGFR,0.16298919280456287,0.0476973489938266,346.0,ENSG00000146648
EGR1,0.16533623953716448,0.04354006678191687,346.0,ENSG00000120738
EIF1,0.23475312540031806,0.0013023025220870923,346.0,ENSG00000173812
EIF2S3,0.21072938391216425,0.005120843456956231,346.0,ENSG00000130741
EIF3E,-0.16786260092132152,0.03926384529733377,346.0,ENSG00000104408
EIF4E2,-0.19552841701051388,0.011346870926255836,346.0,ENSG00000135930
EIF5,0.17675502527233528,0.027744468023501306,346.0,ENSG00000100664
EIF5A,-0.2202844404290678,0.003085759238208514,346.0,ENSG00000132507
EIF6,-0.17381729709172317,0.031567745689841026,346.0,ENSG00000242372
ELOA,-0.22422377395104134,0.002497447670529365,346.0,ENSG00000011007
ELOF1,-0.18132951146275045,0.0229841805619813,346.0,ENSG00000130165
ELP2,-0.25150121152114024,0.0004380948787527355,346.0,ENSG00000134759
ELP5,-0.1982552739939908,0.009899354511782534,346.0,ENSG00000170291
ELP6,-0.16938606422239802,0.03711024003438361,346.0,ENSG00000163832
EMC1,-0.2926211251172206,1.6403065909344458e-05,346.0,ENSG00000127463
EMC2,-0.35223908557412087,2.8072482158778764e-08,346.0,ENSG00000104412
EMC3,-0.2562537430454164,0.00032874509683177624,346.0,ENSG00000125037
EMC4,-0.22850959178625724,0.001904103542459894,346.0,ENSG00000128463
EMC6,-0.29349596757842317,1.531678805033712e-05,346.0,ENSG00000127774
EMC7,-0.22054177691800295,0.003085759238208514,346.0,ENSG00000134153
EMC8,-0.19405384704866965,0.012111116113914628,346.0,ENSG00000131148
EOGT,0.17764782802352047,0.026940533629705523,346.0,ENSG00000163378
EPHB2,-0.16610637122233557,0.042054848813246136,346.0,ENSG00000133216
ERCC1,-0.17777043139960577,0.026874883723578255,346.0,ENSG00000012061
ERCC4,-0.2743578191647357,7.526333859933389e-05,346.0,ENSG00000175595
ESF1,-0.163647337391583,0.046421847188402435,346.0,ENSG00000089048
ESR1,0.18828527284253874,0.016502374328454597,346.0,ENSG00000091831
ESRP1,0.20399453659971348,0.007060744802413698,346.0,ENSG00000104413
ESS2,0.23651854954990592,0.0011788774368353715,346.0,ENSG00000100056
EXOC6,-0.19505461185954392,0.011612597379742675,346.0,ENSG00000138190
EXOC8,0.1903645791352915,0.014851815249893176,346.0,ENSG00000116903
EXOSC1,-0.1833854906818842,0.0210680130335317,346.0,ENSG00000171311
FAM120AOS,-0.17137659722890558,0.03461901713594721,346.0,ENSG00000188938
FAM131B,0.21039056773712791,0.005196773095055045,346.0,ENSG00000159784
FAM136A,-0.16323959447014735,0.047365521916371965,346.0,ENSG00000035141
FAM163B,-0.18167483250072952,0.022732787468804375,346.0,ENSG00000196990
FAM216B,-0.17404748806448622,0.03127015245870049,346.0,ENSG00000179813
FAM83H,0.16824705932275696,0.03889183846387774,346.0,ENSG00000180921
FAM98A,-0.17142355059762387,0.03455949053613384,346.0,ENSG00000119812
FAM98B,-0.2019661571076708,0.007959798465883587,346.0,ENSG00000171262
FAM9A,0.16693510129007155,0.040878714490174495,346.0,ENSG00000183304
FANCB,-0.2219314228553493,0.0028759474369617695,346.0,ENSG00000181544
FANCF,-0.1821096902200948,0.022226176250242393,346.0,ENSG00000183161
FANCI,-0.2053654563103129,0.0065537216280286146,346.0,ENSG00000140525
FAU,-0.250493244904174,0.00046712218786510356,346.0,ENSG00000149806
FBRSL1,-0.1870533199853445,0.01760757826714716,346.0,ENSG00000112787
FBXO17,-0.2121382493272357,0.004696254968028257,346.0,ENSG00000269190
FBXO42,-0.21253060245247496,0.004625090841208114,346.0,ENSG00000037637
FCER1G,-0.17967567824850036,0.024836493053386068,346.0,ENSG00000158869
FCF1,-0.16844247968411075,0.03861201997817472,346.0,ENSG00000119616
FCGRT,-0.17317980706528951,0.03241297027615675,346.0,ENSG00000104870
FDXR,-0.2182565712973023,0.0034810117618460255,346.0,ENSG00000161513
FERMT1,0.25801239557257605,0.0002897326686855459,346.0,ENSG00000101311
FGF2,-0.17588684677112537,0.028785139627657882,346.0,ENSG00000138685
FHIP1A,-0.18505632573692948,0.01924635757362833,346.0,
FKBP9,0.18209656767851695,0.022226176250242393,346.0,ENSG00000122642
FNBP1L,-0.21548052908503412,0.0040004371092530085,346.0,ENSG00000137942
FOXA1,0.27453985660782854,7.525148041456136e-05,346.0,ENSG00000129514
FOXA2,0.212456621492503,0.004625090841208114,346.0,ENSG00000125798
FOXP4,0.2397687358435373,0.000980323674330057,346.0,ENSG00000137166
FOXQ1,-0.17015705703051054,0.03597625362363392,346.0,ENSG00000164379
FPR3,0.1625421071226783,0.04851051488941879,346.0,ENSG00000187474
FRG1,-0.17062456507640167,0.035542474887113304,346.0,ENSG00000109536
FXN,-0.208637355967455,0.005580415425589005,346.0,ENSG00000165060
G3BP2,0.2189672575628786,0.0033258984859243705,346.0,ENSG00000138757
G6PD,-0.2785630825470079,5.723709128460264e-05,346.0,ENSG00000160211
GAB1,0.1718262648937483,0.03385999086302964,346.0,ENSG00000109458
GALE,-0.21027949675423485,0.005196773095055045,346.0,ENSG00000117308
GALNT5,-0.1841615758632676,0.0202259573983399,346.0,ENSG00000136542
GAPDH,-0.21317267680250757,0.004498481941436626,346.0,ENSG00000111640
GAPVD1,-0.19825574910705246,0.009899354511782534,346.0,ENSG00000165219
GATA3,0.17179679927439934,0.03385999086302964,346.0,ENSG00000107485
GBF1,0.18622988837900556,0.018275068143531054,346.0,ENSG00000107862
GCLC,-0.1866377944186606,0.017894915693251908,346.0,ENSG00000001084
GCLM,-0.1750862626515258,0.029785289267447026,346.0,ENSG00000023909
GDPD3,-0.1695916442967021,0.03684637397601958,346.0,ENSG00000102886
GEMIN6,-0.19453413659792526,0.011814212881039362,346.0,ENSG00000152147
GIPC1,-0.18488752628776486,0.019402239649891913,346.0,ENSG00000123159
GLS,-0.17045490304956862,0.03569420546492268,346.0,ENSG00000115419
GMPPB,-0.17513723303454498,0.029773162493829275,346.0,ENSG00000173540
GMPR,-0.1870323630450755,0.01760757826714716,346.0,ENSG00000137198
GOLT1B,-0.23914113939301834,0.0009889749446015473,346.0,ENSG00000111711
GPR171,-0.17301771911068353,0.032482707839030414,346.0,ENSG00000174946
GPR37,-0.20593298382382472,0.006383152747166241,346.0,ENSG00000170775
GRB2,0.17803573638287046,0.02684575279557386,346.0,ENSG00000177885
GRHL2,0.24064379810614026,0.0009359700633323013,346.0,ENSG00000083307
GRIK5,-0.16700107515836163,0.04081934322555307,346.0,ENSG00000105737
GRK2,0.23056845872978962,0.0016626041814129476,346.0,ENSG00000173020
GRK6,0.22247176855018747,0.0027804310244188227,346.0,ENSG00000198055
GSS,-0.2198654971468789,0.0031572255759285597,346.0,ENSG00000100983
GSTO2,0.1975574781665436,0.010142500929908866,346.0,ENSG00000065621
GSTZ1,0.1850135326081901,0.019267430209213638,346.0,ENSG00000100577
GTF2B,0.22123570089272543,0.002986319967429482,346.0,ENSG00000137947
GTF3C4,-0.16390573507927114,0.04577315037888917,346.0,ENSG00000125484
GUCA1B,-0.19259592705622264,0.01325521711900939,346.0,ENSG00000112599
H1-3,-0.21937708493021119,0.003258471634725292,346.0,ENSG00000124575
H2BC26,0.16959258593087917,0.03684637397601958,346.0,
H3C12,-0.19511481966500926,0.011588621229356189,346.0,ENSG00000197153
H3C2,-0.20209443516619213,0.00790365217947643,346.0,ENSG00000286522
H3C4,-0.17735897235187803,0.027142236464547102,346.0,ENSG00000197409
H3C8,-0.17463401519660882,0.030563649919066637,346.0,ENSG00000273983
HDAC11,-0.17038490001582543,0.03569420546492268,346.0,ENSG00000163517
HDAC4,0.1695089256166451,0.036948372703663426,346.0,ENSG00000068024
HDAC9,-0.19252154642158764,0.013297329789416298,346.0,ENSG00000048052
HEATR6,-0.24648449917066578,0.0006115655171471091,346.0,ENSG00000068097
HES1,0.2542539756578686,0.0003681793072407339,346.0,ENSG00000114315
HES6,0.16570544270363802,0.04284192051374907,346.0,ENSG00000144485
HIF1AN,-0.17021186397062732,0.03589469739600388,346.0,ENSG00000166135
HIVEP2,0.22264935187793417,0.0027529336118120467,346.0,ENSG00000010818
HMG20B,-0.17891825412561865,0.025720220449990533,346.0,ENSG00000064961
HMGXB3,-0.19752470830231544,0.010142500929908866,346.0,ENSG00000113716
HNF1A,0.32664930165761363,5.024944632824592e-07,346.0,ENSG00000135100
HNF1B,0.19192244007153825,0.013756002677676061,346.0,ENSG00000275410
HNRNPH1,-0.18394472891633737,0.0204586513399531,346.0,ENSG00000169045
HNRNPK,0.19770664020046988,0.010132559427351867,346.0,ENSG00000165119
HOXB4,-0.1686699030152351,0.038365306160327885,346.0,ENSG00000182742
HS3ST4,-0.17042236073985334,0.03569420546492268,346.0,ENSG00000182601
HSCB,-0.24612562646379588,0.0006265671050998675,346.0,ENSG00000100209
HSD17B10,-0.1816425407038173,0.022732787468804375,346.0,ENSG00000072506
HSD17B12,-0.22047266807952914,0.003085759238208514,346.0,ENSG00000149084
HSD17B8,-0.22392299930571313,0.0025182406250365366,346.0,ENSG00000204228
HSF1,0.1693307708184708,0.037187247919255956,346.0,ENSG00000185122
HSPA14,-0.2063014862720912,0.006258293524170409,346.0,ENSG00000187522
HTR2C,0.16806144615914334,0.038958316761098656,346.0,ENSG00000147246
HTRA2,-0.1664747788327281,0.04152605052174394,346.0,ENSG00000115317
HUS1B,-0.1636036960022095,0.046456701318624755,346.0,ENSG00000188996
HYCC2,0.331674809019169,3.541205130951567e-07,346.0,
HYOU1,-0.17263295523881217,0.03303845038039057,346.0,ENSG00000149428
ICE1,0.21424875527651527,0.004245321977701899,346.0,ENSG00000164151
ICMT,-0.18075357722797974,0.02354239338635042,346.0,ENSG00000116237
ID2,0.20256860289688206,0.007684579134995476,346.0,ENSG00000115738
IDH3B,-0.21368524828954033,0.004348290693931523,346.0,ENSG00000101365
IGBP1,0.2276789284327687,0.002015873425817189,346.0,ENSG00000089289
IGSF3,-0.16645033116621508,0.041531498513424546,346.0,ENSG00000143061
IK,0.22846969455955177,0.001904103542459894,346.0,ENSG00000113141
IKBKB,-0.17735968265895957,0.027142236464547102,346.0,ENSG00000104365
IKZF1,-0.2016510864684127,0.00809441826814207,346.0,ENSG00000185811
IKZF4,-0.16765153541051264,0.03962680087937926,346.0,ENSG00000123411
IL17A,0.1997225306791061,0.009168554786455814,346.0,ENSG00000112115
IL17F,0.25381805580078465,0.0003795184880247255,346.0,ENSG00000112116
IL1RAP,-0.17267084779854142,0.03303845038039057,346.0,ENSG00000196083
IL22RA2,0.23646105180883525,0.0011788774368353715,346.0,ENSG00000164485
ILF2,-0.20650549269151525,0.0062545954575951345,346.0,ENSG00000143621
ILF3,-0.19906748182485046,0.009558567041540594,346.0,ENSG00000129351
IMMT,-0.18557737843846095,0.018877835155065227,346.0,ENSG00000132305
IMP4,-0.18750890377935275,0.017125624458780565,346.0,ENSG00000136718
IMPACT,0.16514205258752973,0.04354006678191687,346.0,ENSG00000154059
ING1,-0.22001549957510522,0.0031323730362475587,346.0,ENSG00000153487
INPP5K,-0.1943354137655704,0.011961236643835638,346.0,ENSG00000132376
INS,0.21730896856720133,0.00363727300706456,346.0,ENSG00000254647
INSM2,0.16582951313021616,0.04259467945923617,346.0,ENSG00000168348
INTS1,0.16448859257629406,0.04476627706211239,346.0,ENSG00000164880
IPO9,-0.16522436678427477,0.04354006678191687,346.0,ENSG00000198700
IQCH,0.260937854827194,0.00023263654229536008,346.0,ENSG00000103599
IRF4,-0.2773247986055464,6.136786629923521e-05,346.0,ENSG00000137265
IRGM,0.1827440076693415,0.021557943429602166,346.0,ENSG00000237693
IRGQ,-0.24415823583173218,0.000719147359737636,346.0,ENSG00000167378
IRS2,0.17008794588390214,0.03609171866609892,346.0,ENSG00000185950
ISCU,-0.16705767882460348,0.04077004845806878,346.0,ENSG00000136003
IWS1,-0.1698406718538048,0.03644038127877857,346.0,ENSG00000163166
KANSL3,0.169273602405074,0.03723299006175143,346.0,ENSG00000114982
KAT6B,0.2646204479659176,0.00017613401850554298,346.0,ENSG00000156650
KATNA1,0.3196297696255395,9.806427379972978e-07,346.0,ENSG00000186625
KCMF1,0.1685991160079578,0.03840888742637463,346.0,ENSG00000176407
KCNA6,-0.16236759719904248,0.04868170314515716,346.0,ENSG00000151079
KCNIP4,0.1779532305870255,0.02684575279557386,346.0,ENSG00000185774
KCNK2,0.1672510122297044,0.04038270785844191,346.0,ENSG00000082482
KCNQ5,-0.2150524664326251,0.004077260844465947,346.0,ENSG00000185760
KCTD10,0.1784185919245298,0.026391660154643497,346.0,ENSG00000110906
KDM6A,0.1721348498973265,0.0336596417134111,346.0,ENSG00000147050
KDM8,-0.23627328958475105,0.001189498694994401,346.0,ENSG00000155666
KDSR,-0.23743631559971187,0.0010955724794724849,346.0,ENSG00000119537
KIAA0753,-0.1772721387476589,0.027199071549187156,346.0,ENSG00000198920
KIF13B,0.17654128896457566,0.02784294296356005,346.0,ENSG00000197892
KIF2A,-0.23247712834580705,0.0014965356556847923,346.0,ENSG00000068796
KIR2DL1,0.18054889287413375,0.0237117343975938,346.0,ENSG00000125498
KL,-0.17785753429367945,0.026874883723578255,346.0,ENSG00000133116
KLF3,0.16725677665098138,0.04038270785844191,346.0,ENSG00000109787
KLF5,0.32647337342099414,5.024944632824592e-07,346.0,ENSG00000102554
KLK13,0.1704156554015232,0.03569420546492268,346.0,ENSG00000167759
KMT2D,0.20772648852794462,0.005812510461749135,346.0,ENSG00000167548
KNCN,0.19678468271640012,0.010590975417539738,346.0,ENSG00000162456
KRAS,0.2662743593733784,0.00015129567330614388,346.0,ENSG00000133703
KRIT1,-0.21615801548981958,0.0038636838510862654,346.0,ENSG00000001631
KRT10,0.16268976944544206,0.04817611789000136,346.0,ENSG00000186395
KRT28,0.23335734814721443,0.0014211221399166004,346.0,ENSG00000173908
KRT8,0.3349398348390084,0.01085084918920231,116.0,ENSG00000170421
KRTAP4-11,0.23172653749794253,0.0015774419078412364,346.0,ENSG00000212721
KTI12,-0.17587806915320414,0.028785139627657882,346.0,ENSG00000198841
LAMA3,0.21398781804221745,0.0042589555612335805,346.0,ENSG00000053747
LAS1L,-0.1955863204620178,0.011325600468358243,346.0,ENSG00000001497
LCE3C,-0.17174947257001733,0.0339186610618359,346.0,ENSG00000244057
LCN8,0.17263648272712823,0.03303845038039057,346.0,ENSG00000204001
LDHA,0.23378942481731244,0.001386051733639853,346.0,ENSG00000134333
LDLRAP1,-0.21260526929461265,0.004625090841208114,346.0,ENSG00000157978
LEF1,-0.18102406752144257,0.023392426565367483,346.0,ENSG00000138795
LEFTY1,-0.19472363525536082,0.011814212881039362,346.0,ENSG00000243709
LEMD2,0.17584961559839896,0.028785139627657882,346.0,ENSG00000161904
LENG1,0.16813355726398502,0.038938715800313405,346.0,ENSG00000105617
LGALS2,-0.2063444498629099,0.006256363441385997,346.0,ENSG00000100079
LGI3,-0.16512323250037098,0.04354189280478433,346.0,ENSG00000168481
LINGO4,-0.16611233548444984,0.042054848813246136,346.0,ENSG00000213171
LIPT1,-0.17896864458547687,0.025674881732046236,346.0,ENSG00000144182
LNP1,0.17708565865218656,0.027294952053447983,346.0,ENSG00000206535
LRP10,-0.19239983096295704,0.013385999617629842,346.0,ENSG00000197324
LSM14B,-0.17033775214430102,0.03569420546492268,346.0,ENSG00000149657
LSS,0.2143800372794201,0.004245321977701899,346.0,ENSG00000160285
LYPD2,0.21025186384289823,0.005196773095055045,346.0,ENSG00000197353
LYPD3,-0.16843791300600533,0.03861201997817472,346.0,ENSG00000124466
LYRM4,-0.2295862855616002,0.0017591978855417282,346.0,ENSG00000214113
LYRM9,0.17592928152612322,0.028785139627657882,346.0,ENSG00000232859
LYVE1,0.17334681621684522,0.03219453908586052,346.0,ENSG00000133800
MACF1,0.20325020785268752,0.0073526624914456926,346.0,ENSG00000127603
MAGEA1,0.1660338634833331,0.042200361336045496,346.0,ENSG00000198681
MAGEC3,-0.20558091123161842,0.0065023523094112435,346.0,ENSG00000165509
MAGEE2,0.1833648952817014,0.0210680130335317,346.0,ENSG00000186675
MAK16,-0.24872158524036145,0.0005234040930533882,346.0,ENSG00000198042
MAMLD1,-0.1718039414763918,0.03385999086302964,346.0,ENSG00000013619
MAP2K2,-0.17077819446853282,0.035377879354507036,346.0,ENSG00000126934
MAP2K3,-0.1830847426564176,0.021249394210747192,346.0,ENSG00000034152
MAP2K5,0.1853969267827918,0.01894764236472741,346.0,ENSG00000137764
MAP3K2,0.16612711027062008,0.042054848813246136,346.0,ENSG00000169967
MAP3K4,-0.21786593296866533,0.0035637687749760596,346.0,ENSG00000085511
MAPK1,-0.16418803985944658,0.04526705611530783,346.0,ENSG00000100030
MAPK14,-0.26709981093954366,0.00014136691827394538,346.0,ENSG00000112062
MARS2,-0.16938238748893258,0.03711024003438361,346.0,ENSG00000247626
MBD2,-0.21241367366503683,0.004625090841208114,346.0,ENSG00000134046
MBD3,0.19683924420924825,0.010590975417539738,346.0,ENSG00000071655
MBNL1,-0.17682595128062623,0.027654949955878482,346.0,ENSG00000152601
MCM2,0.16959106340459587,0.03684637397601958,346.0,ENSG00000073111
MCM3AP,0.22189304882929944,0.0028759474369617695,346.0,ENSG00000160294
MECR,-0.2192134451617251,0.0032881487780927533,346.0,ENSG00000116353
MEF2C,-0.1908107524647485,0.014536430052725395,346.0,ENSG00000081189
MEIG1,-0.19109350543567155,0.014398887229145242,346.0,ENSG00000197889
METTL1,-0.21543305403759205,0.0040004371092530085,346.0,ENSG00000037897
TMT1B,-0.20891242861150416,0.005488627613703449,346.0,
MIF4GD,0.23593407725077398,0.001201022603542833,346.0,ENSG00000125457
MITF,-0.2390654781080967,0.0009889749446015473,346.0,ENSG00000187098
MLST8,-0.17539100695236773,0.02944785447180091,346.0,ENSG00000167965
MMACHC,0.16216873429489714,0.04900815242569816,346.0,ENSG00000132763
MMD,-0.24756984236987467,0.0005656576012724061,346.0,ENSG00000108960
MMGT1,-0.27048691577686246,0.00010312478731404864,346.0,ENSG00000169446
MOCS3,-0.2757313640016193,6.763996020336703e-05,346.0,ENSG00000124217
MOGAT1,-0.17103346745175887,0.03509523894471803,346.0,ENSG00000124003
MON2,-0.1762355244474078,0.02824871176433986,346.0,ENSG00000061987
MPHOSPH10,-0.23847547158405932,0.001019773785357206,346.0,ENSG00000124383
MRE11,-0.18157159935704084,0.022804052316136348,346.0,ENSG00000020922
MRPL20,-0.17412661617194208,0.03126129555517592,346.0,ENSG00000242485
MRPL44,-0.17416896347126493,0.03126129555517592,346.0,ENSG00000135900
MRPL48,-0.1666515665244599,0.041245050308454566,346.0,ENSG00000175581
MRPL49,-0.17286361860619798,0.03276953173216593,346.0,ENSG00000149792
MST1R,-0.18774906418865125,0.016902872193953256,346.0,ENSG00000164078
MSTO1,-0.17540299930217026,0.02944785447180091,346.0,ENSG00000125459
MT1E,0.1886996852163052,0.01622072137534771,346.0,ENSG00000169715
MTG1,-0.16871617493395347,0.03830781429167362,346.0,ENSG00000148824
MTG2,-0.16689244452949367,0.040878714490174495,346.0,ENSG00000101181
MTMR11,-0.16480630102199625,0.04417383289553749,346.0,ENSG00000014914
MTMR6,-0.19887058584982545,0.009650560249986485,346.0,ENSG00000139505
MTUS2,-0.22497488643692115,0.0023800402023724564,346.0,ENSG00000132938
MUCL3,0.21730236810343023,0.00363727300706456,346.0,ENSG00000168631
MYCBP,0.16314602731585226,0.04742852233120798,346.0,ENSG00000214114
MYO5C,-0.20526350122756556,0.0065865060741564065,346.0,ENSG00000128833
MYT1,0.19777871450484755,0.010103571855827945,346.0,ENSG00000196132
N4BP3,-0.16783234879893869,0.03926384529733377,346.0,ENSG00000145911
N6AMT1,-0.3088819242531541,3.3706799146588772e-06,346.0,ENSG00000156239
NAA15,-0.1739238198309273,0.03139040088859636,346.0,ENSG00000164134
NAA25,-0.30049367522302256,7.815978337644923e-06,346.0,ENSG00000111300
NAT16,-0.17869495128563573,0.026072199548236488,346.0,ENSG00000167011
NBN,-0.21449854411852032,0.004231912746528591,346.0,ENSG00000104320
NCAPD2,0.19095274579440882,0.014450673628182002,346.0,ENSG00000010292
NCAPG,0.20172309938529737,0.008087309872324781,346.0,ENSG00000109805
NCKAP1,0.2766266137852904,6.273342487194352e-05,346.0,ENSG00000061676
NCKAP1L,-0.1999948231705043,0.009004888914623435,346.0,ENSG00000123338
NCLN,-0.17657053558212016,0.02784294296356005,346.0,ENSG00000125912
NCOA2,-0.18928847138865135,0.015712504393248426,346.0,ENSG00000140396
NCOA6,0.29696380190487415,1.0985808293695e-05,346.0,ENSG00000198646
NCR2,0.16879111212818573,0.038170648978545184,346.0,ENSG00000096264
NDEL1,0.17777763708489197,0.026874883723578255,346.0,ENSG00000166579
NDRG3,-0.2141295158188013,0.004245321977701899,346.0,ENSG00000101079
NEFM,0.1945819188272467,0.011814212881039362,346.0,ENSG00000104722
NEK1,-0.16455229928362225,0.04463652542278526,346.0,ENSG00000137601
NELFA,-0.19678113057326246,0.010590975417539738,346.0,ENSG00000185049
NELFB,-0.24864931392750306,0.0005234040930533882,346.0,ENSG00000188986
NELFCD,-0.3274114501715599,5.024944632824592e-07,346.0,ENSG00000101158
NEUROD6,0.18409988554184298,0.020275262529022463,346.0,ENSG00000164600
NGDN,-0.16647098398368268,0.04152605052174394,346.0,ENSG00000129460
NHP2,-0.21735163590469536,0.00363727300706456,346.0,ENSG00000145912
NIBAN2,0.2396529824724773,0.000980323674330057,346.0,ENSG00000136830
NIN,-0.20521026515270543,0.006594366620234265,346.0,ENSG00000100503
NME9,0.18471226918167774,0.01956838222407114,346.0,ENSG00000181322
NMNAT1,-0.22121090048712075,0.002986319967429482,346.0,ENSG00000173614
NMNAT3,0.1682632425302939,0.03889183846387774,346.0,ENSG00000163864
NMU,0.17660069140164508,0.02784294296356005,346.0,ENSG00000109255
NOC2L,-0.20808667478389567,0.005723799791521841,346.0,ENSG00000188976
NOC4L,-0.21019563118535473,0.005198254570677925,346.0,ENSG00000184967
NOL6,-0.19044934888411408,0.01479293455799724,346.0,ENSG00000165271
NOL9,-0.22039301531203878,0.003085759238208514,346.0,ENSG00000162408
NOP16,-0.2059409587150133,0.006383152747166241,346.0,ENSG00000048162
NOP2,-0.1683778181324881,0.03871377364927545,346.0,ENSG00000111641
NPAT,0.22746149741868352,0.0020424342810792307,346.0,ENSG00000149308
NPNT,-0.19778754474799515,0.010103571855827945,346.0,ENSG00000168743
NR2C2AP,-0.17193315178774315,0.033853657869263566,346.0,ENSG00000184162
NR4A3,-0.21140686885945328,0.004925353950446676,346.0,ENSG00000119508
NRAS,-0.17035494054637057,0.03569420546492268,346.0,ENSG00000213281
NRDC,-0.2436583069348049,0.0007466392259979969,346.0,ENSG00000078618
NRG1,-0.18375679571784176,0.02057423864926548,346.0,ENSG00000157168
NRL,-0.20380545524475346,0.007123997914846184,346.0,ENSG00000129535
NT5C3B,0.18550192813415517,0.018909266322016165,346.0,ENSG00000141698
NTPCR,0.18538718304849897,0.01894764236472741,346.0,ENSG00000135778
NUBP2,-0.1847589763948001,0.019541458459803613,346.0,ENSG00000095906
NUDC,0.1777124867064639,0.02688455883426061,346.0,ENSG00000090273
NUTM2A,0.23329581428270038,0.0023880876570728277,321.0,ENSG00000184923
NUTM2F,-0.1731331761556802,0.0409864463063999,321.0,ENSG00000130950
NUTM2G,-0.1858789811477918,0.018591101181887244,346.0,ENSG00000188152
OFD1,-0.22040947992304225,0.003085759238208514,346.0,ENSG00000046651
OLA1,-0.16515747809859344,0.04354006678191687,346.0,ENSG00000138430
OR10A2,0.1703395994652098,0.04538498520683505,321.0,ENSG00000170790
OR13C8,0.23816923400442724,0.0017591978855417282,321.0,ENSG00000186943
OR1J1,0.17109031599944768,0.044142588348064414,321.0,ENSG00000136834
OR2A14,0.23146620831613784,0.0026621037460137927,321.0,ENSG00000221938
OR52A5,0.18616135296757108,0.025184734104598257,321.0,ENSG00000171944
OR6A2,0.20596938382373756,0.00982576257324666,321.0,ENSG00000184933
OR7E24,0.19844971114079626,0.014319518324214853,321.0,ENSG00000237521
ORC5,-0.2159155438322899,0.003908824415154151,346.0,ENSG00000164815
OSBPL1A,0.1636001386191488,0.046456701318624755,346.0,ENSG00000141447
OSBPL9,0.1842784780573721,0.020098591508386048,346.0,ENSG00000117859
OTOG,0.1658145527175771,0.04259467945923617,346.0,ENSG00000188162
OTOP3,-0.16218093023823493,0.04900815242569816,346.0,ENSG00000182938
OXSM,-0.2812197553418379,4.671386699259643e-05,346.0,ENSG00000151093
PAK1,0.17663474466123175,0.02784294296356005,346.0,ENSG00000149269
PAK1IP1,-0.1952307151975622,0.01154485211382584,346.0,ENSG00000111845
PALB2,-0.19099863312209187,0.014434416444377717,346.0,ENSG00000083093
PAPOLG,-0.1739573280240627,0.03139040088859636,346.0,ENSG00000115421
PAQR3,0.16273662961392374,0.04808926448393435,346.0,ENSG00000163291
PASK,-0.17030002645103395,0.035735341711587876,346.0,ENSG00000115687
PATJ,-0.18641075102687832,0.018077560523072377,346.0,ENSG00000132849
PAWR,-0.21174128193439326,0.004811998376888418,346.0,ENSG00000177425
PAX5,-0.1814298201386208,0.022947184633111385,346.0,ENSG00000196092
PAXIP1,-0.1828030778305695,0.021548431461887372,346.0,ENSG00000157212
PCBD1,0.24038100373837057,0.0009493706866300948,346.0,ENSG00000166228
PCYT2,-0.16248117927749237,0.04851686865510644,346.0,ENSG00000185813
PDCD2L,-0.21263212976026047,0.004625090841208114,346.0,ENSG00000126249
PDE3B,-0.19900686258709377,0.009576957857263766,346.0,ENSG00000152270
PDE7A,-0.1948167026537902,0.01176299222605965,346.0,ENSG00000205268
PDLIM5,-0.17332272257241121,0.032199528085562305,346.0,ENSG00000163110
PDSS1,-0.17181376370885704,0.03385999086302964,346.0,ENSG00000148459
PDXK,-0.19755228370324132,0.010142500929908866,346.0,ENSG00000160209
PEG10,-0.16298820988594134,0.0476973489938266,346.0,ENSG00000242265
PES1,-0.2431208793917091,0.0007778651911899088,346.0,ENSG00000100029
PGC,-0.22465567428346436,0.0024198667381610983,346.0,ENSG00000096088
PGK1,-0.26264453864249254,0.00020200051775254245,346.0,ENSG00000102144
PGPEP1,0.16228615284437212,0.048877802316456026,346.0,ENSG00000130517
PGS1,-0.19076966775072562,0.014547887332756722,346.0,ENSG00000087157
PHAX,0.17413232192330147,0.03126129555517592,346.0,ENSG00000164902
PHYHIPL,0.2620419614234738,0.00021140282063335784,346.0,ENSG00000165443
PI4KA,0.18834608270266268,0.016499197069028256,346.0,ENSG00000241973
PICK1,-0.170860584231811,0.03532956143225997,346.0,ENSG00000100151
PIGH,0.16280557318169797,0.04803649562072065,346.0,ENSG00000100564
PIK3AP1,-0.17409627584670825,0.03126129555517592,346.0,ENSG00000155629
PIK3C2A,0.2316363189064628,0.0015774419078412364,346.0,ENSG00000011405
PIK3CA,0.25333780170701103,0.0003838819613201101,346.0,ENSG00000121879
PIK3CD,-0.19088459296091193,0.014490467630462467,346.0,ENSG00000171608
PIM2,-0.16475806846489371,0.04425776340646111,346.0,ENSG00000102096
PKD1L2,0.2848129644393956,0.04868170314515716,111.0,ENSG00000166473
PKIA,0.2423612007066756,0.0008199900895303542,346.0,ENSG00000171033
PKM,-0.1685972754865463,0.03840888742637463,346.0,ENSG00000067225
PLEC,0.16530790002706186,0.04354006678191687,346.0,ENSG00000178209
PLEKHD1,-0.18666117356427842,0.017894915693251908,346.0,ENSG00000175985
PLEKHH3,-0.18969581347790743,0.015322112665687152,346.0,ENSG00000068137
PLRG1,0.19880334025063354,0.009674072267661961,346.0,ENSG00000171566
PMVK,-0.2220206930403048,0.002873872037001424,346.0,ENSG00000163344
PNMA8B,-0.17037437089996957,0.03569420546492268,346.0,ENSG00000204851
POLA2,0.25473115444415717,0.00035577161160861744,346.0,ENSG00000014138
POLG,-0.2475168241902706,0.0005656576012724061,346.0,ENSG00000140521
POLR1G,-0.31393802264381654,1.9012102011091205e-06,346.0,ENSG00000117877
POLR3G,0.2132446241296599,0.004489393482738469,346.0,ENSG00000113356
POLR3H,-0.2210325196731196,0.0030166553993473365,346.0,ENSG00000100413
POP1,-0.21608076102963844,0.0038721521984234116,346.0,ENSG00000104356
POP4,-0.23768288407205618,0.0010794011120559969,346.0,ENSG00000105171
POP5,-0.17794490487643919,0.02684575279557386,346.0,ENSG00000167272
POP7,-0.22849527355056154,0.001904103542459894,346.0,ENSG00000172336
POU2AF1,-0.215153572331508,0.004059994074430549,346.0,ENSG00000110777
PPA1,-0.39390683412027216,1.0070831090630932e-10,346.0,ENSG00000180817
PPA2,-0.25692430253131127,0.0003165489668389623,346.0,ENSG00000138777
PPAN,-0.23136936751792972,0.0015983369251518584,346.0,ENSG00000130810
PPCDC,-0.17701005118029384,0.027355219076122126,346.0,ENSG00000138621
PPM1A,0.16614109390659354,0.042054848813246136,346.0,ENSG00000100614
PPP1R10,0.16263076036935448,0.04830213407332583,346.0,ENSG00000204569
PPP1R15B,0.20804150897722368,0.005723799791521841,346.0,ENSG00000158615
PPP1R21,-0.18002345127564393,0.024374714247993125,346.0,ENSG00000162869
PPP2R2A,-0.22132113173958323,0.002986319967429482,346.0,ENSG00000221914
PPP4C,-0.17114489861468474,0.03491172167054891,346.0,ENSG00000149923
PPWD1,-0.21643622002399449,0.0038258591352920823,346.0,ENSG00000113593
PRDX1,-0.18971827269523844,0.015322112665687152,346.0,ENSG00000117450
PRDX6,-0.1818147751371334,0.022584126541882896,346.0,ENSG00000117592
PRKRIP1,-0.20799022967237446,0.005723799791521841,346.0,ENSG00000128563
PROM2,-0.16541992456365595,0.0434756860902962,346.0,ENSG00000155066
PRPF4,0.18859268414720748,0.016311668176500038,346.0,ENSG00000136875
PRRC1,0.18581035497428436,0.018641912467328443,346.0,ENSG00000164244
PRSS53,-0.17102376931314012,0.03509523894471803,346.0,ENSG00000151006
PSMA3,0.18378600151496866,0.020570848723965994,346.0,ENSG00000100567
PSMA6,0.17799229373861045,0.02684575279557386,346.0,ENSG00000100902
PSMB2,0.1742307378491644,0.031258343282202554,346.0,ENSG00000126067
PSMB6,0.1830580522417643,0.021249394210747192,346.0,ENSG00000142507
PSMC1,0.16366702540086572,0.04641594832827688,346.0,ENSG00000100764
PSME3,-0.17005658682191072,0.036118424274707975,346.0,ENSG00000131467
PSTK,-0.19501149985434652,0.011621908786145824,346.0,ENSG00000179988
PTPMT1,-0.21084859098815398,0.005096352639073879,346.0,ENSG00000110536
PTPRE,0.1672440640822132,0.04038270785844191,346.0,ENSG00000132334
PWP2,-0.25537090458761813,0.0003469579799366916,346.0,ENSG00000241945
R3HDM1,-0.17255743300733248,0.033110221509970235,346.0,ENSG00000048991
RAB10,0.43134440286504655,1.9006335795020085e-13,346.0,ENSG00000084733
RAB11A,0.24030518201558806,0.0009493706866300948,346.0,ENSG00000103769
RAB42,0.22616690595571956,0.002184941406411553,346.0,ENSG00000188060
RABIF,0.28825271858816676,2.4563420020353156e-05,346.0,ENSG00000183155
RAD50,-0.1779499272790232,0.02684575279557386,346.0,ENSG00000113522
RAD51C,-0.1945977590041651,0.011814212881039362,346.0,ENSG00000108384
RAD51D,-0.1658155259953239,0.04259467945923617,346.0,ENSG00000185379
RAN,0.16718184278638518,0.04049525278112168,346.0,ENSG00000132341
RANBP1,-0.17414144072633492,0.03126129555517592,346.0,ENSG00000099901
RAPGEF2,-0.1704971715415281,0.03569420546492268,346.0,ENSG00000109756
RBM12,0.18096685904041535,0.023409531535171765,346.0,ENSG00000244462
RBM27,0.19805981830262442,0.00999433634465611,346.0,ENSG00000091009
RBM39,0.16471887450438694,0.04426806315882466,346.0,ENSG00000131051
RBM42,0.17579980700897224,0.028824198669449703,346.0,ENSG00000126254
RBM47,0.2360309726172448,0.0011991169859398316,346.0,ENSG00000163694
RBMX2,0.2186985452244023,0.0033857689476653307,346.0,ENSG00000134597
RBSN,-0.23421185602190725,0.0013439527164617541,346.0,ENSG00000131381
RCAN2,0.16901434056671266,0.03771772319242103,346.0,ENSG00000172348
RCC1,-0.18520233203372222,0.019122608998191102,346.0,ENSG00000180198
REEP4,-0.17060525260473408,0.035542474887113304,346.0,ENSG00000168476
RHEBL1,-0.1721952357945007,0.033580633829679504,346.0,ENSG00000167550
RHOA,-0.3248666591353572,5.5572515976091e-07,346.0,ENSG00000067560
RIIAD1,-0.21715603968782451,0.0036656937528139768,346.0,ENSG00000178796
RIMS4,-0.18797751960950604,0.01671567287011199,346.0,ENSG00000101098
RNASE8,-0.2597101603175977,0.00025539210830597515,346.0,ENSG00000173431
RNF126,0.22971336485095867,0.0017591978855417282,346.0,ENSG00000070423
RNF149,-0.17344302198902323,0.032035667783456075,346.0,ENSG00000163162
RPA1,0.22655848771145606,0.002158707415374996,346.0,ENSG00000132383
RPA3,0.177318326928364,0.027173813447782882,346.0,ENSG00000106399
RPF2,-0.22703925672335268,0.002100863542415211,346.0,ENSG00000197498
RPGR,0.16947863889770048,0.03697358075404752,346.0,ENSG00000156313
RPL12,-0.18006496435260488,0.02434705750123758,346.0,ENSG00000197958
RPL17,-0.16683908603736908,0.040948193929293476,346.0,ENSG00000265681
RPL22L1,0.16493209700174571,0.04397295491524739,346.0,ENSG00000163584
RPL23A,-0.32803103221535845,0.013591710004499553,116.0,ENSG00000198242
RPL3,0.16804920089547618,0.038958316761098656,346.0,ENSG00000100316
RPL30,-0.17118063803773942,0.03487718572923909,346.0,ENSG00000156482
RPL4,-0.2315903999873647,0.0015774419078412364,346.0,ENSG00000174444
RPL9,-0.1960749109812535,0.01603580903039628,321.0,ENSG00000163682
RPP14,-0.18146428352094687,0.022933359625252784,346.0,ENSG00000163684
RPP21,-0.23574703397701854,0.0012127619004845315,346.0,ENSG00000241370
RPP25L,-0.23925711799736626,0.0009871643191499684,346.0,ENSG00000164967
RPP30,-0.21084750605138786,0.005096352639073879,346.0,ENSG00000148688
RPP38,-0.24834054624131546,0.0005336181321859237,346.0,ENSG00000152464
RPS11,-0.24975126189324331,0.00048590582800623196,346.0,ENSG00000142534
RPS16,-0.17808278708168307,0.02684575279557386,346.0,ENSG00000105193
RRP1,-0.212455954984313,0.004625090841208114,346.0,ENSG00000160214
RRP9,-0.23364991384305428,0.0013939415516252033,346.0,ENSG00000114767
RRS1,-0.17792550050615574,0.02684575279557386,346.0,ENSG00000179041
RSL24D1,-0.18291053562449416,0.02824871176433986,321.0,ENSG00000137876
RTCB,-0.2561847172772699,0.00032874509683177624,346.0,ENSG00000100220
S1PR3,-0.17755691144643088,0.026995398864778697,346.0,ENSG00000213694
SACS,-0.20685656091759758,0.00616080768958027,346.0,ENSG00000151835
SAMD4B,0.2705604123635019,0.00010312478731404864,346.0,ENSG00000179134
SARS2,-0.17931578547093252,0.025241634117775042,346.0,ENSG00000104835
SART1,0.23885659848744692,0.001000203444746439,346.0,ENSG00000175467
SASH3,-0.22629528243384722,0.0021837956419171584,346.0,ENSG00000122122
SATB2,0.17506262094973835,0.029787762300835918,346.0,ENSG00000119042
SCAF8,0.19297606666042233,0.012919754486092738,346.0,ENSG00000213079
SCGB2A2,0.1652490866287037,0.04354006678191687,346.0,ENSG00000110484
SCML4,-0.18756808104854542,0.01708821377098404,346.0,ENSG00000146285
SDR9C7,-0.17820386195407517,0.026736502824629294,346.0,ENSG00000170426
SEC14L1,-0.1831860084907543,0.02117459995353545,346.0,ENSG00000129657
SEC61B,-0.16957095638128517,0.03684698770741908,346.0,ENSG00000106803
SECISBP2,-0.1770852059982127,0.027294952053447983,346.0,ENSG00000187742
SELENOI,-0.24079570932321892,0.000930909229987164,346.0,ENSG00000138018
SELENOS,-0.2021610758634089,0.007885214801931802,346.0,ENSG00000131871
SEPHS2,-0.1727545402327605,0.03291335098738723,346.0,ENSG00000179918
SEPSECS,-0.2772162920964607,6.136786629923521e-05,346.0,ENSG00000109618
SETD1B,-0.2324905500548044,0.0014965356556847923,346.0,ENSG00000139718
SF3B6,0.20937707104051667,0.005331735277421492,346.0,ENSG00000115128
SFRP4,-0.20506449808869537,0.006630688582504793,346.0,ENSG00000106483
SH2D2A,-0.25136430847852587,0.0004390659189381086,346.0,ENSG00000027869
SH3BGRL3,0.17553367367558614,0.029255634627581753,346.0,ENSG00000142669
SH3GL1,-0.21003244113459743,0.005198254570677925,346.0,ENSG00000141985
SIAH1,0.1620075626240241,0.0494174380228284,346.0,ENSG00000196470
SIDT1,-0.189708484469844,0.015322112665687152,346.0,ENSG00000072858
SIK3,-0.17904237312082993,0.025632040590881932,346.0,ENSG00000160584
SLC14A1,-0.18597004950594362,0.018578461692981597,346.0,ENSG00000141469
SLC16A3,0.17750122592739898,0.027010739425452315,346.0,ENSG00000141526
SLC16A9,0.21013301338802234,0.005198254570677925,346.0,ENSG00000165449
SLC25A1,-0.2083101437627961,0.005671277795108018,346.0,ENSG00000100075
SLC25A31,0.16656342959940218,0.04137954148232796,346.0,ENSG00000151475
SLC25A32,-0.2310971602238986,0.0016249361336697645,346.0,ENSG00000164933
SLC25A43,-0.1652168804617206,0.04354006678191687,346.0,ENSG00000077713
SLC2A1,0.20665204476433688,0.006221550409499774,346.0,ENSG00000117394
SLC2A13,-0.17716889609209696,0.027276683972868643,346.0,ENSG00000151229
SLC35B1,-0.25076201009579696,0.0004601586167213561,346.0,ENSG00000121073
SLC35G6,-0.24179987479720544,0.0008561272369646249,346.0,ENSG00000259224
SLC38A6,-0.16185150151262706,0.04979486794648004,346.0,ENSG00000139974
SLC39A10,0.1685404136482573,0.038501929020438246,346.0,ENSG00000196950
SLC5A2,-0.171213534069248,0.03484924237278477,346.0,ENSG00000140675
SMC1A,-0.2789170011909654,5.723709128460264e-05,346.0,ENSG00000072501
SMC3,-0.18386306277310804,0.020498537796005047,346.0,ENSG00000108055
SMU1,0.1735262311896189,0.0320193268154704,346.0,ENSG00000122692
SNAI1,0.19693908635672241,0.01054521451814094,346.0,ENSG00000124216
SNRNP27,0.18697345556655448,0.01760757826714716,346.0,ENSG00000124380
SNRPF,0.18064420291953895,0.023638290191012764,346.0,ENSG00000139343
SNTG2,-0.1887170439833527,0.01622072137534771,346.0,ENSG00000172554
SNX16,0.16248246135028308,0.04851686865510644,346.0,ENSG00000104497
SNX25,0.16429704853014832,0.04508569312114026,346.0,ENSG00000109762
SOX10,-0.2362003021735372,0.001189498694994401,346.0,ENSG00000100146
SOX11,0.17756346792284414,0.026995398864778697,346.0,ENSG00000176887
SOX9,0.22127495257143337,0.002986319967429482,346.0,ENSG00000125398
SP6,-0.17209873903527478,0.0336596417134111,346.0,ENSG00000189120
SPARCL1,0.20994767661884398,0.005198254570677925,346.0,ENSG00000152583
SPATA17,0.1690535017887403,0.03766998298844479,346.0,ENSG00000162814
SPATC1,-0.1656028330371162,0.043072629698777815,346.0,ENSG00000186583
SPC24,0.18056759884073337,0.0237117343975938,346.0,ENSG00000161888
SPC25,0.29897981660286516,9.0010839607388e-06,346.0,ENSG00000152253
SPINK13,0.18222521318211002,0.022147868470880756,346.0,ENSG00000214510
SPINT2,0.20979698771213573,0.0052155238544799734,346.0,ENSG00000167642
SPOPL,0.16289138300246964,0.04783074489353463,346.0,ENSG00000144228
SPRR1B,0.3093285605211326,0.023511287301632447,116.0,ENSG00000169469
SPRYD7,-0.1644199152398519,0.044900281295267096,346.0,ENSG00000123178
SPTY2D1,-0.18891762622297797,0.01603580903039628,346.0,ENSG00000179119
SQLE,0.20989049032787468,0.00520439381597406,346.0,ENSG00000104549
SRF,-0.19628486410491902,0.010883135074492937,346.0,ENSG00000112658
SRFBP1,-0.22314700693637401,0.0026621037460137927,346.0,ENSG00000151304
SSB,-0.20428544720713798,0.006963232546399875,346.0,ENSG00000138385
SSR4,0.16355450558870965,0.046538783507812334,346.0,ENSG00000180879
ST8SIA1,0.16456124881547207,0.04463652542278526,346.0,ENSG00000111728
STEAP1B,-0.21294305315455445,0.00456557594516425,346.0,ENSG00000105889
STK17B,-0.18229935463591074,0.02207456140597739,346.0,ENSG00000081320
STK3,0.18644272276592616,0.018073545418323293,346.0,ENSG00000104375
STMN1,-0.20711901599516808,0.006053871702797655,346.0,ENSG00000117632
STOX1,-0.1621577540189289,0.04900815242569816,346.0,ENSG00000165730
STX4,0.2394008383601754,0.0009871643191499684,346.0,ENSG00000103496
STXBP3,0.3257846099163205,5.200861145825024e-07,346.0,ENSG00000116266
STYK1,-0.21213369686266,0.004696254968028257,346.0,ENSG00000060140
SURF6,-0.1699836510578197,0.03624342702990657,346.0,ENSG00000148296
SYN1,-0.16440566323870953,0.044900281295267096,346.0,ENSG00000008056
SYS1,-0.2526857379773594,0.00039966384031549186,346.0,ENSG00000204070
SYT7,-0.16274546288616093,0.04808926448393435,346.0,ENSG00000011347
TAF3,-0.24020846367469947,0.0009498966768603222,346.0,ENSG00000165632
TAMM41,-0.18644195722899443,0.018073545418323293,346.0,ENSG00000144559
TATDN1,-0.17721567683833905,0.02723343450035353,346.0,ENSG00000147687
TBC1D10B,-0.17459788994179917,0.03059181679424217,346.0,ENSG00000169221
TBC1D15,-0.17946409370613872,0.025118253574795874,346.0,ENSG00000121749
TBC1D22B,0.16528742405244926,0.04354006678191687,346.0,ENSG00000065491
TBCA,-0.2814431660864523,4.671386699259643e-05,346.0,ENSG00000171530
TBCB,-0.17447014349137466,0.030808244925933537,346.0,ENSG00000105254
TBL3,-0.21479470309095527,0.00414738777836894,346.0,ENSG00000183751
TCERG1,0.21134921147381291,0.004930430223735207,346.0,ENSG00000113649
TCF12,-0.17946163019954442,0.025118253574795874,346.0,ENSG00000140262
TCF3,-0.2143382422453411,0.004245321977701899,346.0,ENSG00000071564
TCF7L2,0.436466851575838,1.465100188645033e-13,346.0,ENSG00000148737
TECR,-0.16761257887420317,0.039665799474560136,346.0,ENSG00000099797
TENT4B,-0.18792499060363227,0.016725474616413157,346.0,ENSG00000121274
SPMIP10,0.16959795644914355,0.03684637397601958,346.0,
TEX48,0.8828957000469977,0.023297386317458462,10.0,ENSG00000230601
TFAP2D,0.1852586765078229,0.019083556121125986,346.0,ENSG00000008197
TFEB,-0.1785558117029618,0.02623310600119449,346.0,ENSG00000112561
THAP11,-0.283786964820727,3.8106565226736086e-05,346.0,ENSG00000168286
THG1L,-0.22700365901019576,0.002100863542415211,346.0,ENSG00000113272
THSD4,-0.19594011018449925,0.011112096367606525,346.0,ENSG00000187720
TIAL1,-0.1678443662295318,0.03926384529733377,346.0,ENSG00000151923
TICRR,0.29098728150506065,1.914714922324425e-05,346.0,ENSG00000140534
TIMM10,-0.17584263525980628,0.028785139627657882,346.0,ENSG00000134809
TIMM10B,-0.19608044521301365,0.011023390590492864,346.0,ENSG00000132286
TIMM29,-0.20315041990388455,0.007388667915436435,346.0,ENSG00000142444
TIMM50,-0.3384679156110972,0.00982576257324666,116.0,ENSG00000105197
TIMM9,-0.22029980286597978,0.003085759238208514,346.0,ENSG00000100575
TLK1,0.16927243520024016,0.03723299006175143,346.0,ENSG00000198586
TLR4,0.17928244353934344,0.025256535009417932,346.0,ENSG00000136869
TMED2,0.19418601732963736,0.012065880785034105,346.0,ENSG00000086598
TMED8,0.18957271526419817,0.015426072405068379,346.0,ENSG00000100580
TMEM139,-0.18133932554192828,0.0229841805619813,346.0,ENSG00000178826
TMEM161B,-0.22398676034532466,0.0025182406250365366,346.0,ENSG00000164180
TMEM205,0.2006231942608196,0.008653889820366797,346.0,ENSG00000105518
TMEM209,-0.18022866624471046,0.02415736350875578,346.0,ENSG00000146842
TMEM245,-0.17196469593785035,0.033853657869263566,346.0,ENSG00000106771
TMEM39A,0.17859792928108492,0.026201619179842317,346.0,ENSG00000176142
TMEM51,-0.17073446920502616,0.03538441762322316,346.0,ENSG00000171729
TNFRSF25,-0.17095379125342755,0.035209126812722695,346.0,ENSG00000215788
TNP1,0.1906274599265957,0.014666828819144715,346.0,ENSG00000118245
TNS2,0.1717965732994833,0.03385999086302964,346.0,ENSG00000111077
TOMM5,-0.19397794453865388,0.012111116113914628,346.0,ENSG00000175768
TOMM70,-0.20144467954242712,0.008193780840801482,346.0,ENSG00000154174
TOX4,0.21897873040698915,0.0033258984859243705,346.0,ENSG00000092203
TPD52,-0.21643063113761912,0.0038258591352920823,346.0,ENSG00000076554
TPI1,-0.19212964397131144,0.013591710004499553,346.0,ENSG00000111669
TPRKB,-0.2207593110715787,0.003071690762565745,346.0,ENSG00000144034
TPX2,0.19401724793922093,0.012111116113914628,346.0,ENSG00000088325
TRAF7,0.1675982332511478,0.039665799474560136,346.0,ENSG00000131653
TRIM15,-0.2321978716067781,0.001524048964682352,346.0,ENSG00000204610
TRIM3,-0.19400669125532985,0.012111116113914628,346.0,ENSG00000110171
TRMT10C,-0.17235817398976933,0.03336100079094043,346.0,ENSG00000174173
TRMT112,-0.32933465218195984,4.462864175977161e-07,346.0,ENSG00000173113
TRMT6,-0.21619065247645308,0.0038636838510862654,346.0,ENSG00000089195
TRMT61A,-0.2459489728715368,0.0006302516583656674,346.0,ENSG00000166166
TRPM4,-0.165245645630108,0.04354006678191687,346.0,ENSG00000130529
TSEN34,-0.2179275086232817,0.0035613951474279,346.0,ENSG00000170892
TSEN54,-0.2157162638513978,0.003956909263582185,346.0,ENSG00000182173
TSG101,0.28888601172548195,2.3542118525086578e-05,346.0,ENSG00000074319
TSPAN15,-0.16252742218752403,0.04851051488941879,346.0,ENSG00000099282
TSPAN8,0.1663614176649828,0.041619898155674476,346.0,ENSG00000127324
TSR1,-0.24586388546987806,0.0006302516583656674,346.0,ENSG00000167721
TSSK3,0.17980158791819212,0.024664709644191044,346.0,ENSG00000162526
TTC1,0.25274013005215756,0.00039966384031549186,346.0,ENSG00000113312
IFT70A,-0.20367094723158563,0.007178084365717652,346.0,
TTLL1,-0.16639889180732087,0.041618938343544125,346.0,ENSG00000100271
TUBA1B,-0.2550403792611524,0.00034947764647502597,346.0,ENSG00000123416
TUBB,-0.273596966009821,7.797697002928692e-05,346.0,ENSG00000196230
TUBB2A,-0.18387531018398845,0.020498537796005047,346.0,ENSG00000137267
TUBB4B,0.25834356522035984,0.0002843057547105504,346.0,ENSG00000188229
TWIST1,-0.17230159792238414,0.03343902226218286,346.0,ENSG00000122691
TXN,-0.19462478217787055,0.011814212881039362,346.0,ENSG00000136810
TXN2,-0.19018700851859957,0.014979096414714847,346.0,ENSG00000100348
TXNDC17,-0.1762868354723537,0.02824871176433986,346.0,ENSG00000129235
TXNRD1,-0.2949305816809062,1.3425435406772597e-05,346.0,ENSG00000198431
UBA6,0.2042195441323743,0.006978690812584228,346.0,ENSG00000033178
UBAP1,0.1830559573728208,0.021249394210747192,346.0,ENSG00000165006
UBE2G2,-0.2125083848674133,0.004625090841208114,346.0,ENSG00000184787
UBE2H,0.19809279422246645,0.00999433634465611,346.0,ENSG00000186591
UBE2Z,0.300856772574895,7.768750990887201e-06,346.0,ENSG00000159202
UBE4B,-0.17796988365290628,0.02684575279557386,346.0,ENSG00000130939
UPF1,0.21636912041932754,0.0038291120457717145,346.0,ENSG00000005007
UROS,-0.23084885332857807,0.0016321347353010069,346.0,ENSG00000188690
USP35,0.21004074975780096,0.005198254570677925,346.0,ENSG00000118369
USP43,-0.17774162714762495,0.026874883723578255,346.0,ENSG00000154914
UTP14A,-0.3272452555654458,5.024944632824592e-07,346.0,ENSG00000156697
UTP20,-0.1885024388574257,0.01634903466726079,346.0,ENSG00000120800
UTP23,-0.18562767792593746,0.01884771249964119,346.0,ENSG00000147679
UTP25,-0.2634836433794908,0.0001884804580879045,346.0,ENSG00000117597
UTP4,-0.20771506479914015,0.005812510461749135,346.0,ENSG00000141076
UTP6,-0.26379349471715563,0.00018552806184683081,346.0,ENSG00000108651
UXS1,0.2064673738997142,0.0062545954575951345,346.0,ENSG00000115652
VDAC2,-0.16794972714034923,0.039111888510491626,346.0,ENSG00000165637
VPS45,-0.25562596097546214,0.00034276182360970937,346.0,ENSG00000136631
WARS2,-0.16244039553986586,0.048564984742693114,346.0,ENSG00000116874
WAS,-0.18089303279364138,0.023439476041120334,346.0,ENSG00000015285
WASF2,0.3534002228475243,2.6470588905075357e-08,346.0,ENSG00000158195
WASHC4,-0.1933037935481854,0.012640889561523113,346.0,ENSG00000136051
WDR1,-0.21553222126559518,0.0040004371092530085,346.0,ENSG00000071127
WDR18,-0.2097793124121036,0.0052155238544799734,346.0,ENSG00000065268
WDR24,-0.16292921293099202,0.04776953467933589,346.0,ENSG00000127580
WDR26,0.17939769661383542,0.025184734104598257,346.0,ENSG00000162923
WDR3,-0.20473305873156544,0.00676427493540776,346.0,ENSG00000065183
WDR36,-0.3435784458316524,0.00809441826814207,116.0,ENSG00000134987
WDR74,-0.16514194428811646,0.04354006678191687,346.0,ENSG00000133316
WDR75,-0.16487442735261484,0.044083798155247614,346.0,ENSG00000115368
WDR82,-0.1994015734791176,0.009369551833728439,346.0,ENSG00000164091
WDSUB1,0.19674022260773621,0.010597057280234167,346.0,ENSG00000196151
WIZ,-0.21419546700874895,0.004245321977701899,346.0,ENSG00000011451
WNT3,-0.20275192462213326,0.007598069558338973,346.0,ENSG00000108379
WRN,0.1736560312475063,0.031815431166126625,346.0,ENSG00000165392
WSCD1,-0.16539194840510688,0.04350242123077819,346.0,ENSG00000179314
WWC1,-0.1826474813619625,0.021663851589114977,346.0,ENSG00000113645
XAB2,0.19117158359770275,0.014349171628069108,346.0,ENSG00000076924
XAGE5,0.18195700805149895,0.02240239773996985,346.0,ENSG00000171405
XKR7,0.1870063519448335,0.01760757826714716,346.0,ENSG00000260903
XRCC1,-0.16908997330921108,0.03762891761885109,346.0,ENSG00000073050
XRCC2,-0.2516645861625171,0.00043606483842972203,346.0,ENSG00000196584
XRCC5,-0.17074097210347763,0.03538441762322316,346.0,ENSG00000079246
XRN2,-0.2395954802221132,0.000980323674330057,346.0,ENSG00000088930
YJU2B,0.17346552387680858,0.032035667783456075,346.0,
YPEL3,-0.1724829870075441,0.033179984041716466,346.0,ENSG00000090238
YPEL5,0.19846236181128596,0.00982576257324666,346.0,ENSG00000119801
YRDC,0.22781305615077482,0.002004104334566951,346.0,ENSG00000196449
ZBTB7B,0.17779893386743026,0.026874883723578255,346.0,ENSG00000160685
ZBTB8OS,-0.17305059474122816,0.03245830387993225,346.0,ENSG00000176261
ZC3H7A,-0.2103061242942027,0.005196773095055045,346.0,ENSG00000122299
ZCCHC18,0.16421557765161862,0.045239125598334165,346.0,ENSG00000166707
ZCRB1,-0.16881316709300948,0.03816464836768293,346.0,ENSG00000139168
ZDHHC21,0.17751949020021118,0.027010739425452315,346.0,ENSG00000175893
ZEB1,-0.17554925828233797,0.029255634627581753,346.0,ENSG00000148516
ZEB2,-0.3208845842992235,8.774036789711493e-07,346.0,ENSG00000169554
ZFY,-0.32206207093084194,0.01634903466726079,116.0,ENSG00000067646
ZNF19,-0.16672192863781438,0.041127975262460585,346.0,ENSG00000157429
ZNF318,0.20669855529237066,0.00621827998280021,346.0,ENSG00000171467
ZNF528,0.16803903001927872,0.038958316761098656,346.0,ENSG00000167555
ZNF577,0.17368522491311364,0.0318000823234457,346.0,ENSG00000161551
ZNF701,0.18709380661888692,0.017605233581162158,346.0,ENSG00000167562
ZNF79,0.16865387385398328,0.038365306160327885,346.0,ENSG00000196152
ZNF83,0.1627358993059919,0.04808926448393435,346.0,ENSG00000167766
ZNF880,0.1853947134710317,0.01894764236472741,346.0,ENSG00000221923
ZNHIT6,-0.22663698424158207,0.0021561989210817306,346.0,ENSG00000117174
ZRANB1,0.20843696746062584,0.005632861139026876,346.0,ENSG00000019995
ZSWIM2,0.16671460029336033,0.041127975262460585,346.0,ENSG00000163012
ZYG11B,0.17846706431943932,0.02634845477353241,346.0,ENSG00000162378
depMap ID,0.0,0.0,513.0,
label,0.1548402340147931,0.016546969211596915,513.0,
