,TCA canonical,TCA non canonical,both active,biomass mean canonical,biomass mean non canonical,biomass mean both active,activity mean TCA canonical,activity mean TCA non canonical,Valid samples
22RV1_PROSTATE,0.1376,0.3547,84,0.04718314175394556,0.07606774945735637,0.04372518422563473,2.4735195564283163,14.794441797783062,0.4923
2313287_STOMACH,0.1131,0.3046,41,0.05813197099594897,0.0909985275702868,0.09456038847023886,0.9887508948862406,13.072794858340105,0.41769999999999996
5637_URINARY_TRACT,0.1265,0.5422,285,0.04526285030787311,0.054712289935288067,0.0267306248883615,5.801185938766012,12.87974441075747,0.6687000000000001
697_HAEMATOPOIETIC_AND_LYMPHOID_TISSUE,0.1531,0.5623,188,0.046094391628378834,0.057048702217650654,0.03377606352294714,3.52925092516857,10.430197968728605,0.7154
769P_KIDNEY,0.0898,0.4553,218,0.03613622565591443,0.06251156985897988,0.018129392682149865,7.4815716121551326,17.514556186061757,0.5451
786O_KIDNEY,0.0953,0.4685,229,0.039255699369584084,0.06280395527672743,0.023521811433550574,6.949793343841046,16.7363995335137,0.5638000000000001
8305C_THYROID,0.1435,0.5846,233,0.03605480852091309,0.05086469852725956,0.02564119801433793,3.110870493492545,10.297786894753541,0.7281
A2780_OVARY,0.1409,0.5813,226,0.03820731026945246,0.052767711443178524,0.027373103908033814,2.9249896654789005,9.944028979023427,0.7222000000000001
A3KAW_HAEMATOPOIETIC_AND_LYMPHOID_TISSUE,0.1703,0.5387,174,0.04175648290623809,0.05679802103474986,0.026585080596673083,1.402604505328554,7.111268656964019,0.709
A4FUK_HAEMATOPOIETIC_AND_LYMPHOID_TISSUE,0.1694,0.5379,172,0.04127545429265881,0.056322606535984567,0.02401160773643464,1.4899649229710996,7.20661171744473,0.7073
ACCMESO1_PLEURA,0.1487,0.6058,421,0.03737193272444236,0.04997538248852629,0.02050906271527547,4.182261893784092,9.945966854383897,0.7545
ALLSIL_HAEMATOPOIETIC_AND_LYMPHOID_TISSUE,0.1383,0.5547,206,0.042337856763529545,0.061760007538171624,0.026153066286302738,1.8153771346065901,7.424468204821727,0.693
AMO1_HAEMATOPOIETIC_AND_LYMPHOID_TISSUE,0.1677,0.5371,173,0.040882032801289735,0.05679818393969574,0.026740818924980852,1.4379999047824623,7.301150521585898,0.7048
ASPC1_PANCREAS,0.0953,0.4369,119,0.06140138235453076,0.07216058009948259,0.04456822611530268,4.765104286395356,22.513579901732882,0.5322
AU565_BREAST,0.1602,0.3623,105,0.042655472424698526,0.06672336030727671,0.03973458149664888,1.460679522161701,11.263629010678816,0.5225
BCP1_HAEMATOPOIETIC_AND_LYMPHOID_TISSUE,0.17,0.5375,174,0.04135623172429049,0.05732826467951359,0.026710292550478805,1.392675282754912,7.182393925507201,0.7075
BCPAP_THYROID,0.1512,0.5842,241,0.033369322182623,0.04753594163866878,0.02594910475991534,3.065675915222423,10.426663630493312,0.7354
BDCM_HAEMATOPOIETIC_AND_LYMPHOID_TISSUE,0.1388,0.5536,176,0.042529082132443254,0.05339476757098502,0.02970948070837777,1.1708745746230558,7.442649723470241,0.6924
BL41_HAEMATOPOIETIC_AND_LYMPHOID_TISSUE,0.1497,0.5433,208,0.04290911552229527,0.05393830974495482,0.028915384108135152,1.2488120688119744,7.1064567624540755,0.6930000000000001
BL70_HAEMATOPOIETIC_AND_LYMPHOID_TISSUE,0.1467,0.546,213,0.04286832783533821,0.05370817600676436,0.029381212280986495,1.3019269638998479,7.049028320126147,0.6927000000000001
BT483_BREAST,0.1596,0.3674,107,0.042692301336392784,0.0659231883186791,0.04690971235661453,1.5129013273500849,10.702390515392844,0.527
BT549_BREAST,0.1445,0.5834,241,0.036048739871383705,0.05046578283328757,0.02609539019430148,3.117387470324835,10.161053505918899,0.7279
BV173_HAEMATOPOIETIC_AND_LYMPHOID_TISSUE,0.1495,0.574,238,0.04652604542379716,0.05617028680880577,0.02786146088231248,3.406054817376931,10.35689417121718,0.7234999999999999
BXPC3_PANCREAS,0.1207,0.4712,263,0.04723530659555187,0.06418597021261994,0.029828179568837924,6.5014952996186475,15.785196031218609,0.5919
CA46_HAEMATOPOIETIC_AND_LYMPHOID_TISSUE,0.1466,0.552,207,0.0431552725229554,0.05392853692549071,0.02907594469302105,1.3375778818593664,7.114125780841612,0.6986000000000001
CADOES1_BONE,0.1268,0.3977,102,0.0453887304711813,0.07985356762639749,0.05073289221134207,3.1062614312845738,12.95433967494375,0.5245
CAL78_BONE,0.1379,0.4638,182,0.03299171105348706,0.05545567972096534,0.028855851292223657,3.1803507269769247,13.832003435322484,0.6017
CCFSTTG1_CENTRAL_NERVOUS_SYSTEM,0.1347,0.4673,193,0.03308499199289607,0.054779195660945953,0.027231906159552906,3.5800544994234653,14.341802799897735,0.602
CHAGOK1_LUNG,0.1475,0.4794,358,0.04327846812135704,0.061881305095514,0.026402683566788064,4.758453451053289,12.936273684077172,0.6269
CHP126_AUTONOMIC_GANGLIA,0.1271,0.3443,96,0.046184031529743305,0.09256067992488612,0.058575459853407806,3.5278783341778137,17.289207578626502,0.4714
CMK_HAEMATOPOIETIC_AND_LYMPHOID_TISSUE,0.114,0.4426,256,0.04245506372766278,0.060890235340165,0.03670307578700728,5.644081805783644,18.43023306503868,0.5566
CMLT1_HAEMATOPOIETIC_AND_LYMPHOID_TISSUE,0.1392,0.5545,207,0.04237645782306823,0.061484882013285405,0.02597693507056497,1.8869354301606716,7.360994696532312,0.6937
COLO201_LARGE_INTESTINE,0.128,0.3578,86,0.05068132831936778,0.0805107427188859,0.05236579857405613,2.702104233278056,18.38379259627459,0.4858
COLO320_LARGE_INTESTINE,0.1345,0.4704,168,0.04071330810682484,0.06833622257403466,0.03094814371387104,3.130603176205492,12.427451658924307,0.6049
COLO668_LUNG,0.1353,0.4777,83,0.0502204971863971,0.06853287307812973,0.08152249550230477,3.299902813271901,8.188207855481574,0.613
COLO678_LARGE_INTESTINE,0.1019,0.3735,107,0.05993055692973665,0.07855301602235613,0.055560728935499855,5.209268573416046,19.538366254665515,0.4754
COLO679_SKIN,0.0957,0.6105,246,0.034415850837551346,0.054151253511592515,0.019042024674093837,4.904250695061135,10.906832471033184,0.7062
COLO680N_OESOPHAGUS,0.1459,0.4544,162,0.04279228092326547,0.06718357529383145,0.035009841935161504,3.0875306211614735,12.668393762586552,0.6003000000000001
COLO684_ENDOMETRIUM,0.1256,0.3739,88,0.04683363426203982,0.08619082959592989,0.0674482219867758,2.9473056980584853,15.086144532262496,0.4995
COLO741_SKIN,0.0952,0.6159,251,0.03420360461495625,0.05383799799338571,0.021122319971743884,4.745331799380652,10.738450976613922,0.7111000000000001
COLO783_SKIN,0.0963,0.6169,255,0.033273648717849054,0.05397805519045057,0.02184669109548042,4.8115934059993455,10.74625578419913,0.7132000000000001
COLO792_SKIN,0.0953,0.6188,251,0.03422129564933252,0.05424249397251565,0.02126309578279133,4.607276564264527,10.688162768610844,0.7141
COLO800_SKIN,0.0955,0.6128,248,0.03357997036802201,0.053971856755750586,0.02000965364814241,5.039144214269208,11.016221617244007,0.7083
COLO829_SKIN,0.0954,0.6127,248,0.03379716823778275,0.053726329759959085,0.02002356108041592,4.946562869109392,10.929763599042676,0.7081000000000001
CORL105_LUNG,0.0876,0.4422,122,0.05095584745216368,0.06563315199918013,0.03441372446679309,6.679765851856651,16.776835788171283,0.5297999999999999
CORL23_LUNG,0.1139,0.4755,221,0.04526674924732713,0.0597632886755803,0.03095306281711991,6.70602806483691,16.062480404245743,0.5893999999999999
CORL24_LUNG,0.1284,0.4529,69,0.04814689526442756,0.07415268072927891,0.056326216236311136,2.6942762985178317,12.48105172728923,0.5813
CORL279_LUNG,0.1301,0.4723,64,0.04870579652429456,0.07050974518665434,0.05963925318447679,2.934208030617801,11.045315055893703,0.6024
CORL311_LUNG,0.1284,0.3824,80,0.04652476412664943,0.08451644212347062,0.055935919367844235,2.943996976996225,14.379575416069661,0.5108
CORL47_LUNG,0.1294,0.4724,63,0.04927214152785136,0.07041402176325619,0.06492162900156787,2.845831823164961,10.650715259493301,0.6018
CORL88_LUNG,0.1316,0.4829,73,0.049446039821022185,0.06961651869424264,0.06738535007476185,2.983865776066182,9.786410297073113,0.6145
CORL95_LUNG,0.132,0.4736,77,0.050241516050007255,0.069750703445931,0.07456714798567413,3.065500846599789,8.800059137576003,0.6056
COV434_OVARY,0.1392,0.5778,229,0.03655010297432151,0.0510584407601283,0.026511295729982755,2.7773301457828725,9.686575214076482,0.717
CW2_LARGE_INTESTINE,0.1261,0.3207,74,0.05278702946818786,0.08226934873793805,0.05888606315666691,1.6369900372661348,15.442301033291946,0.4468
DANG_PANCREAS,0.1121,0.4722,215,0.046696531805520226,0.06309441064383993,0.03050334344271813,6.891900024405203,16.07742023502527,0.5843
DAUDI_HAEMATOPOIETIC_AND_LYMPHOID_TISSUE,0.1446,0.5522,219,0.04252843754721122,0.05358314770693021,0.030669841842446657,1.253923551134101,7.00574714114576,0.6968000000000001
DBTRG05MG_CENTRAL_NERVOUS_SYSTEM,0.1382,0.4666,193,0.03285418244935585,0.054924610959378735,0.028318325575843722,3.163644764004775,14.05691673984802,0.6048
DB_HAEMATOPOIETIC_AND_LYMPHOID_TISSUE,0.1439,0.5595,238,0.040788042586071716,0.05359463776910304,0.030020139544168163,1.3648504228474756,6.91343225677929,0.7034
DEL_HAEMATOPOIETIC_AND_LYMPHOID_TISSUE,0.1389,0.5685,214,0.03918273291278424,0.05301427679866247,0.032107717865874956,1.7324978346175257,7.91017054389723,0.7074
DKMG_CENTRAL_NERVOUS_SYSTEM,0.1342,0.4624,189,0.032197062897540624,0.0539393147811863,0.0275109056557541,3.439997014485034,14.320691959020962,0.5966
DMS79_LUNG,0.1297,0.4715,63,0.049777770598121954,0.07055424931939953,0.059800532180885095,2.8418152032911705,11.225697504357527,0.6012
DND41_HAEMATOPOIETIC_AND_LYMPHOID_TISSUE,0.1368,0.5535,206,0.042233622955365625,0.06193276951591101,0.026174453691126608,1.824441871727144,7.398019387719456,0.6903
DOHH2_HAEMATOPOIETIC_AND_LYMPHOID_TISSUE,0.1469,0.5504,215,0.04287666075763599,0.05323254159310629,0.03113289522737686,1.300401417985019,7.125988366691275,0.6973
DU4475_BREAST,0.1146,0.3259,78,0.04895611868214563,0.08286814050623247,0.05797658265610017,1.9965586160218272,12.962936469292885,0.4405
DV90_LUNG,0.1116,0.3035,44,0.05783254332760982,0.08933784033472654,0.09319269430447236,0.9309363134339006,13.668872313438367,0.4151
EB1_HAEMATOPOIETIC_AND_LYMPHOID_TISSUE,0.1403,0.5473,197,0.04259234780781705,0.05304571298834861,0.030077377926231916,1.2704744327527262,7.368800574858511,0.6876
ECC10_STOMACH,0.1257,0.3685,76,0.04564070513539508,0.08200965721836496,0.06474078058859827,2.7093283091047464,12.663369769095679,0.4942
ECC12_STOMACH,0.1415,0.4792,79,0.04814925620261966,0.0669769465095468,0.07148573261059506,3.1766906650058875,8.203367882731195,0.6207
EFE184_ENDOMETRIUM,0.0707,0.4129,103,0.042487946841444635,0.062380216275947774,0.024001932043669256,6.122595822187836,20.02216299031829,0.4836
EFM192A_BREAST,0.16,0.3644,104,0.043682116901244995,0.0682992932485773,0.03809645697089502,1.4897071873788144,11.029436755088778,0.5244
EFM19_BREAST,0.1598,0.3668,108,0.0430395229126043,0.06668347566167424,0.0448209166918001,1.493391610805415,10.791073027351118,0.5266
EFO21_OVARY,0.0761,0.3943,89,0.04402805258270192,0.06744103729418065,0.03131940495607945,5.983665291412147,21.43391436590532,0.4704
EFO27_OVARY,0.1132,0.4462,279,0.04526713549750894,0.06487408318173225,0.03158005949635304,6.100950881099358,16.89116475824315,0.5594
EHEB_HAEMATOPOIETIC_AND_LYMPHOID_TISSUE,0.1376,0.5517,174,0.04281645798125418,0.05336558575674323,0.029917993268644135,1.1431865558736163,7.342130786318799,0.6893
EKVX_LUNG,0.1167,0.4555,313,0.04622642470778607,0.06795196599759679,0.031092121600991878,6.140592552682726,16.627988946824924,0.5722
EM2_HAEMATOPOIETIC_AND_LYMPHOID_TISSUE,0.1691,0.5362,172,0.04357811085184833,0.060940477500844706,0.026758933567173647,1.604708306583893,7.62616350998127,0.7053
EOL1_HAEMATOPOIETIC_AND_LYMPHOID_TISSUE,0.1695,0.5368,175,0.045007342755197965,0.06275328261059779,0.030215365108892982,1.5536216852274525,7.599794334219386,0.7063
EPLC272H_LUNG,0.133,0.5805,330,0.04572849088586615,0.05269422282836093,0.02639989309400784,5.361044603091644,11.553756311960925,0.7135
ESS1_ENDOMETRIUM,0.145,0.4984,379,0.03548161282917865,0.05559080933430246,0.02220402252224009,4.622115511114084,13.249386092822446,0.6434
F36P_HAEMATOPOIETIC_AND_LYMPHOID_TISSUE,0.1082,0.4392,233,0.04194772411890847,0.06067372494517219,0.03339032363529488,5.669829116468988,19.26799432557063,0.5474
GA10_HAEMATOPOIETIC_AND_LYMPHOID_TISSUE,0.1492,0.5444,209,0.04273347186492237,0.05384340378865933,0.028811783112035205,1.2475604363303867,7.101266949058677,0.6936
GDM1_HAEMATOPOIETIC_AND_LYMPHOID_TISSUE,0.1514,0.5542,219,0.043893886646711316,0.056696636909006025,0.025796926602232057,2.229329067019774,7.9358498582716095,0.7056
GSS_STOMACH,0.1249,0.4487,127,0.04311542206761827,0.0667590531339973,0.045984618102042185,2.727572539265926,12.182262406222751,0.5736
GSU_STOMACH,0.1111,0.3056,32,0.06512407213748797,0.08980842848529524,0.09048443424551855,0.8966371248757207,13.254127971520822,0.41669999999999996
HARA_LUNG,0.1148,0.587,296,0.04375105068950584,0.05637844057993843,0.027287512927207196,5.446250936536117,11.62286171876433,0.7018
HCC1143_BREAST,0.134,0.3944,241,0.04637354066594285,0.06987516419231268,0.03077210461811467,5.398183123663417,16.869001993680527,0.5284
HCC1171_LUNG,0.1159,0.3944,158,0.045057592096065885,0.062439596528151835,0.03616651606716729,5.283854398323931,19.826536040143644,0.5103
HCC1187_BREAST,0.134,0.3746,105,0.03972425053202469,0.07011139448927405,0.04430183099669789,2.9573100339214853,15.288807219796942,0.5085999999999999
HCC1195_LUNG,0.1109,0.4025,148,0.044448272714377485,0.061294589148891056,0.03172645551783013,5.33630792555094,19.901654521818845,0.5134000000000001
HCC1359_LUNG,0.1408,0.5781,215,0.03585083504853338,0.05108143926925382,0.024273285161106026,2.566603082998861,9.218864515748914,0.7189
HCC1395_BREAST,0.1461,0.4751,342,0.03525626866116942,0.05764672037779505,0.020661103935575627,3.7297150982928926,13.73509963833055,0.6212
HCC1419_BREAST,0.1611,0.3678,109,0.04253749949879893,0.06517227560824843,0.04598121579777656,1.5554079130886558,10.771826055839984,0.5289
HCC1428_BREAST,0.1591,0.3626,106,0.043132201150840085,0.06670799918236679,0.045684905278245154,1.5185409652007684,10.900322890635872,0.5216999999999999
HCC1438_LUNG,0.1415,0.5772,226,0.03694703761257309,0.05138916294609799,0.024603201329962625,2.98891029430463,9.630141136909169,0.7187
HCC1500_BREAST,0.1593,0.3679,105,0.04295752228015321,0.06593991719832652,0.047803660814682125,1.5159305799272262,10.656350337300065,0.5272
HCC1569_BREAST,0.1375,0.4774,342,0.03794374528555396,0.05856776249511887,0.023259120527579547,5.230623346412678,13.174027312026773,0.6149
HCC1588_LUNG,0.1332,0.3334,73,0.05365283509364177,0.08016014631988283,0.049731356940933474,1.8618822676788243,15.40706431134038,0.4666
HCC1599_BREAST,0.1413,0.4318,339,0.040361042425042515,0.06365608981375265,0.024120632793818323,4.81214428026172,13.979148892718818,0.5731
HCC15_LUNG,0.1097,0.4609,258,0.04569397480492328,0.06504423193929357,0.03134259123816241,6.720735445019572,16.472236138431754,0.5706
HCC1806_BREAST,0.1267,0.5372,289,0.04663665555824325,0.05804099301601386,0.02789999613727306,5.769404435724336,12.593575989391672,0.6639
HCC1833_LUNG,0.1377,0.3488,99,0.048675184667618464,0.0852591866160997,0.05141142875198202,3.137868762242971,10.371281525669055,0.4865
HCC1937_BREAST,0.1333,0.3973,175,0.0503499500823619,0.07080002998950291,0.033001024314485705,5.807003157427785,17.949664158504408,0.5306
HCC1954_BREAST,0.1263,0.4226,184,0.04977186495019023,0.06715394776335526,0.03534987963971193,5.405210853218901,17.438217982193056,0.5488999999999999
HCC202_BREAST,0.1598,0.3668,108,0.04285613086091965,0.06610427812158576,0.044659185325254334,1.4903176319892524,10.810344158425597,0.5266
HCC2108_LUNG,0.1536,0.5872,286,0.036735715409397844,0.05120376350202526,0.02411492854571082,3.078113307942065,9.861280439639533,0.7408
HCC2218_BREAST,0.1599,0.3642,106,0.04299916889622936,0.06626927697358063,0.043275528262780284,1.4804281069540914,10.825555593783427,0.5241
HCC2279_LUNG,0.1449,0.4811,371,0.03839558974459765,0.0601681639367149,0.02446483099845868,5.192566408192304,13.761641196452635,0.626
HCC2935_LUNG,0.1091,0.3979,139,0.04517426684313696,0.06249909644927489,0.03310986840295682,5.69852620806591,20.54024288263068,0.507
HCC33_LUNG,0.1284,0.471,64,0.048337907677130136,0.07123946496198498,0.05491573493119065,2.7238925489044843,11.773374610605245,0.5993999999999999
HCC366_LUNG,0.1429,0.4783,382,0.0396688312415173,0.06172510646981476,0.023199131723098655,4.86925953920013,13.791464044947748,0.6212
HCC38_BREAST,0.1313,0.3705,122,0.042867499291711436,0.07076144841639698,0.03983514683542938,4.022471456787189,15.557888039091443,0.5018
HCC4006_LUNG,0.1151,0.3887,153,0.0468311521838273,0.06385454153234664,0.03858562743537985,5.32975373335819,19.954297679297945,0.5038
HCC44_LUNG,0.1021,0.467,212,0.041075956785651076,0.05885865528286854,0.026288520177866807,7.399967261075488,16.199861221717253,0.5691
HCC56_LARGE_INTESTINE,0.126,0.3294,73,0.05330119307499183,0.08016449844412027,0.05796063112551569,1.9616696111820364,15.33396083053519,0.4554
HCC70_BREAST,0.1249,0.4197,162,0.050392949713461144,0.06900540348892893,0.03922332017115715,6.104241315192018,17.53455319395293,0.5446
HCC78_LUNG,0.1048,0.4091,144,0.04428811016271275,0.06140503763745518,0.02988692500454483,5.712873314215936,20.469285856082067,0.5139
HCC827_LUNG,0.1095,0.439,157,0.0447493994011992,0.05838881807593068,0.03473470316293197,5.785991279445639,16.30678470369353,0.5485
HCC95_LUNG,0.1104,0.5828,288,0.04329105128476384,0.056082871687302804,0.027000672213346844,5.705040844671915,11.961786758322573,0.6932
HCT15_LARGE_INTESTINE,0.1196,0.3527,78,0.048343076164801956,0.07910476585757267,0.05403501179557331,2.078727189025482,17.562447302368135,0.4723
HDLM2_HAEMATOPOIETIC_AND_LYMPHOID_TISSUE,0.14,0.5571,212,0.04006483262652103,0.0546478114180758,0.028166728949554496,1.2854992264150529,7.825399837647761,0.6971
HDMYZ_HAEMATOPOIETIC_AND_LYMPHOID_TISSUE,0.1395,0.58,215,0.03552225218949733,0.05085435471766333,0.02409176480556513,2.8789965640282205,9.352872162614563,0.7195
HEL9217_HAEMATOPOIETIC_AND_LYMPHOID_TISSUE,0.1089,0.4411,241,0.04227082873619323,0.06108757043229961,0.036448892925011855,5.711798823686717,19.176697277672517,0.55
HEL_HAEMATOPOIETIC_AND_LYMPHOID_TISSUE,0.11,0.4384,239,0.0425820708698549,0.060638216531853875,0.03559327745989551,5.434230969592732,19.086290225386566,0.5484
HH_HAEMATOPOIETIC_AND_LYMPHOID_TISSUE,0.1439,0.5477,199,0.041594286881813734,0.05594025888639182,0.02786604950941852,1.2775502486787462,7.678040221669677,0.6916
HMC18_BREAST,0.1395,0.5768,226,0.03736483495656125,0.05067971783607449,0.025496636706023274,2.9154640308084723,9.453595689675415,0.7162999999999999
HOP62_LUNG,0.1447,0.4968,382,0.03834550598918439,0.06039441392585661,0.02347272148675009,4.953174155675126,13.254847610946182,0.6415
HOP92_LUNG,0.146,0.4717,393,0.0392624733907647,0.0629661732517934,0.02422537039782333,5.084078225004227,13.889708971684067,0.6177
HPBALL_HAEMATOPOIETIC_AND_LYMPHOID_TISSUE,0.1386,0.5541,207,0.04211746558875141,0.061682476563643215,0.026016284085668175,1.901440898152046,7.375619789948517,0.6927000000000001
HT_HAEMATOPOIETIC_AND_LYMPHOID_TISSUE,0.1463,0.5563,227,0.0422542907386257,0.053625212342742624,0.028312207131066056,1.4377142270238263,6.948594010999772,0.7026
HUCCT1_BILIARY_TRACT,0.122,0.4728,267,0.04217020022672851,0.05695522878504112,0.026300280763065727,6.082530554782203,15.133704601587548,0.5948
HUG1N_STOMACH,0.1075,0.3165,44,0.06839138370436948,0.09111192114644018,0.07538897298592799,1.2080934394871392,14.394201615464091,0.424
HUH28_BILIARY_TRACT,0.1392,0.5377,191,0.03523017739376692,0.0521472930904636,0.02882990016987343,2.996438113300435,11.52365838438828,0.6769
HUNS1_HAEMATOPOIETIC_AND_LYMPHOID_TISSUE,0.1393,0.5503,177,0.04250385945050017,0.05407389754322569,0.030899515645847822,1.2562662172137038,7.5401303369001225,0.6896
IGROV1_OVARY,0.0672,0.4075,86,0.04300071396921406,0.0642766810498471,0.032043457081668704,5.385994180057442,20.510847092212106,0.47469999999999996
IPC298_SKIN,0.0954,0.6157,252,0.03436583312292555,0.05390082906711064,0.021009583120922735,4.7938976375811935,10.7433503343459,0.7111000000000001
JEKO1_HAEMATOPOIETIC_AND_LYMPHOID_TISSUE,0.1552,0.5459,198,0.043839414991110506,0.05510967017787437,0.025569201935361417,1.448383636445627,7.423478929906878,0.7011000000000001
JK1_HAEMATOPOIETIC_AND_LYMPHOID_TISSUE,0.1069,0.4374,229,0.04174933280850496,0.06106853542774469,0.03268343325639306,5.522636881048485,19.332019913041314,0.5443
JMSU1_URINARY_TRACT,0.1399,0.5767,215,0.03617392205728061,0.051490522479922224,0.02437923614319611,2.6740944971457785,9.294289544291193,0.7166
JURKAT_HAEMATOPOIETIC_AND_LYMPHOID_TISSUE,0.1391,0.5541,205,0.04222794329796491,0.06150500759326927,0.026129547386127733,1.8620090404087755,7.347316069787574,0.6932
JURLMK1_HAEMATOPOIETIC_AND_LYMPHOID_TISSUE,0.1187,0.4426,282,0.042636622909784434,0.06053750009660214,0.03595847449521976,5.4399362279405,18.309363176034037,0.5613
JVM2_HAEMATOPOIETIC_AND_LYMPHOID_TISSUE,0.1386,0.55,174,0.04211014033678209,0.053598097815234044,0.02868845351206987,1.1386867725237935,7.443260626882376,0.6886000000000001
JVM3_HAEMATOPOIETIC_AND_LYMPHOID_TISSUE,0.1467,0.5449,175,0.04289948831046383,0.05487521168337344,0.028876141380849325,1.1499029553992863,7.391252349155184,0.6916
K029AX_SKIN,0.0949,0.6174,251,0.034540677443478746,0.05406155576476869,0.021102021676852503,4.769602612613894,10.726771376753733,0.7122999999999999
K562_HAEMATOPOIETIC_AND_LYMPHOID_TISSUE,0.1126,0.437,253,0.04220402397676222,0.060628808040278585,0.03848711200320786,5.379655362054605,18.292103331607848,0.5496
KALS1_CENTRAL_NERVOUS_SYSTEM,0.1348,0.4614,189,0.033027750138813435,0.05503500954413024,0.027841920648896252,3.408683643451663,14.30384289045907,0.5962
KARPAS299_HAEMATOPOIETIC_AND_LYMPHOID_TISSUE,0.138,0.5705,218,0.03954157171282861,0.05375282402299443,0.029016423347698942,1.6957324244067653,7.9228516359807415,0.7085
KARPAS422_HAEMATOPOIETIC_AND_LYMPHOID_TISSUE,0.1446,0.5655,241,0.0416241740839839,0.053967035720967664,0.03242829604617941,1.5183353042867267,6.985664780619903,0.7101
KARPAS620_HAEMATOPOIETIC_AND_LYMPHOID_TISSUE,0.1675,0.5388,172,0.041193644899773195,0.057203151232789885,0.026956639687181556,1.4533925870602578,7.203270243516058,0.7062999999999999
KASUMI1_HAEMATOPOIETIC_AND_LYMPHOID_TISSUE,0.1695,0.5381,176,0.04302121139523719,0.059334350037453076,0.026665875870391074,1.6513965560784358,7.685430651141933,0.7076
KASUMI2_HAEMATOPOIETIC_AND_LYMPHOID_TISSUE,0.1626,0.5712,225,0.04589959301809231,0.05777501165894323,0.03365327459824459,3.9295676552318914,10.377406419335328,0.7338
KASUMI6_HAEMATOPOIETIC_AND_LYMPHOID_TISSUE,0.1691,0.5379,173,0.0432245022000004,0.06028262916477287,0.026901067459659242,1.597717209322332,7.624210770339278,0.7070000000000001
KCL22_HAEMATOPOIETIC_AND_LYMPHOID_TISSUE,0.147,0.5738,225,0.0419221747091606,0.05361340184854795,0.030335575319677975,2.562193345420069,8.891045200662607,0.7208
KE37_HAEMATOPOIETIC_AND_LYMPHOID_TISSUE,0.1388,0.5539,205,0.04233926465416533,0.061638678265377,0.02614266224822535,1.8866666434890345,7.379735752306533,0.6927
KE39_STOMACH,0.1133,0.3207,53,0.06619934848909459,0.09110999927322778,0.08255800713633372,1.3949357535186424,15.39663162554177,0.434
KE97_HAEMATOPOIETIC_AND_LYMPHOID_TISSUE,0.1379,0.5498,176,0.042277107508055356,0.053990588104642544,0.03098094848441043,1.223608017922266,7.509325473901995,0.6877
KELLY_AUTONOMIC_GANGLIA,0.1241,0.3439,107,0.048562232698624634,0.09228866481773296,0.05810207188300127,3.9686913944541793,17.260178217571188,0.46799999999999997
KHM1B_HAEMATOPOIETIC_AND_LYMPHOID_TISSUE,0.1698,0.5373,172,0.04117333801583787,0.05584899018732079,0.026581850122157354,1.3893771860808557,7.118831364390127,0.7071000000000001
KIJK_HAEMATOPOIETIC_AND_LYMPHOID_TISSUE,0.1363,0.5667,212,0.039031496015829864,0.054279409367821684,0.030733753261757216,1.6237569037382331,7.833979002009008,0.703
KMH2_HAEMATOPOIETIC_AND_LYMPHOID_TISSUE,0.1493,0.5441,205,0.04243875105095007,0.05621799640452535,0.025096684618378357,1.3016617928081435,7.653203300465513,0.6934
KMM1_HAEMATOPOIETIC_AND_LYMPHOID_TISSUE,0.1701,0.5385,173,0.04169555425706222,0.056643849697455326,0.02661415006992155,1.411972396209362,7.112695512572563,0.7086
KMS11_HAEMATOPOIETIC_AND_LYMPHOID_TISSUE,0.1701,0.5372,170,0.04108770070161671,0.055468759230758446,0.023996446903863943,1.4111018733696745,7.111291769305853,0.7073
KMS12BM_HAEMATOPOIETIC_AND_LYMPHOID_TISSUE,0.1678,0.537,173,0.04103237842269122,0.05688629138429454,0.026791265014345245,1.375033451636254,7.211831496064239,0.7048000000000001
KMS20_HAEMATOPOIETIC_AND_LYMPHOID_TISSUE,0.1695,0.5377,173,0.040991503147150256,0.056427383093288326,0.02657057265670524,1.4357430326023055,7.250557507534966,0.7071999999999999
KMS21BM_HAEMATOPOIETIC_AND_LYMPHOID_TISSUE,0.1696,0.5373,172,0.041200317130755774,0.05604881426941399,0.02663017502407883,1.3908625349017716,7.132094164424729,0.7069
KMS26_HAEMATOPOIETIC_AND_LYMPHOID_TISSUE,0.1701,0.5376,171,0.04094934867463478,0.05534058473399293,0.023865063399303527,1.408987141855715,7.08926898940176,0.7077
KMS27_HAEMATOPOIETIC_AND_LYMPHOID_TISSUE,0.1692,0.538,172,0.04101475444373745,0.05599776642904945,0.026586393596583525,1.4455470668707815,7.169466273467432,0.7072
KMS28BM_HAEMATOPOIETIC_AND_LYMPHOID_TISSUE,0.17,0.5376,175,0.041162805626759495,0.056012673016612134,0.030158077300189302,1.3891582019202728,7.167490540764147,0.7076
KMS34_HAEMATOPOIETIC_AND_LYMPHOID_TISSUE,0.1699,0.5374,172,0.04099949160702564,0.05578209912864176,0.0265338864820806,1.404526495214486,7.121522497961305,0.7073
KOPN8_HAEMATOPOIETIC_AND_LYMPHOID_TISSUE,0.1502,0.5773,243,0.045154034314970885,0.055797935709644565,0.029120649402097642,3.1352439492208926,9.896047880434972,0.7275
KP2_PANCREAS,0.1228,0.4715,243,0.047450986924058296,0.06172359483308492,0.0287371356168188,6.283160153747251,15.539688651399123,0.5942999999999999
KP3_PANCREAS,0.0896,0.44,113,0.0545041779294046,0.0678802690604154,0.03503204413645304,5.977256247735117,17.35085367655273,0.5296
KPNRTBM1_AUTONOMIC_GANGLIA,0.1276,0.3425,93,0.04743047568362964,0.0929293745415003,0.05410766798350911,3.4813827885304276,17.28609205306569,0.4701
KPNSI9S_AUTONOMIC_GANGLIA,0.1367,0.4671,194,0.03820375504962629,0.06306234862945514,0.029591816172870676,3.099130554485356,13.841813014022426,0.6038
KPNYN_AUTONOMIC_GANGLIA,0.1251,0.3487,104,0.047557123121371836,0.09237217925248618,0.05749254190648407,3.4673549589580586,17.237913055059472,0.4738
KU1919_URINARY_TRACT,0.1137,0.466,310,0.044261784324436,0.06365568788335484,0.03100451122615977,6.160958267182777,15.910521451842223,0.5797
KU812_HAEMATOPOIETIC_AND_LYMPHOID_TISSUE,0.1093,0.442,240,0.04259867988145416,0.0605439519372664,0.03543317082279859,5.584790005139782,18.79665274270095,0.5513
KURAMOCHI_OVARY,0.0673,0.4571,80,0.047506457716544166,0.05834014361964254,0.03277109126423157,5.2155809348813875,22.449748175927972,0.5244
KYO1_HAEMATOPOIETIC_AND_LYMPHOID_TISSUE,0.1173,0.4379,279,0.04271200536945247,0.0607839973274867,0.03630899661954035,5.459029440274512,18.086003666085993,0.5552
KYSE140_OESOPHAGUS,0.1091,0.5833,285,0.041569589356306745,0.05586902088572135,0.025602683259150546,5.503464378513363,11.91251394371394,0.6924
KYSE180_OESOPHAGUS,0.1146,0.5819,274,0.04475646491806254,0.055596717347574445,0.02766821171442433,5.426417483715204,11.57124056858876,0.6965
KYSE270_OESOPHAGUS,0.0999,0.4708,237,0.040065173806061664,0.06253271666594662,0.02525239713495937,7.213935242972771,16.055429788509763,0.5707
KYSE410_OESOPHAGUS,0.124,0.5844,297,0.04574288053397529,0.05420560253559501,0.02759601030118611,5.469112030671022,11.601432590188939,0.7084
KYSE510_OESOPHAGUS,0.1241,0.5194,279,0.045780122211651696,0.059094492302410165,0.02654142460121459,5.522873627769707,13.391939036655456,0.6435
KYSE520_OESOPHAGUS,0.1188,0.4908,316,0.04463414160232045,0.0636682697582161,0.03172169511712209,5.7949951461101525,14.36365552643485,0.6096
KYSE70_OESOPHAGUS,0.1107,0.588,278,0.04233990302937693,0.0566837803837565,0.024430024757229413,6.012716935578157,11.753792666840855,0.6987
L1236_HAEMATOPOIETIC_AND_LYMPHOID_TISSUE,0.1484,0.5434,205,0.042877975162028396,0.055925710880821725,0.026207343620924764,1.3186776202709543,7.709694795916423,0.6918
L33_PANCREAS,0.1127,0.4645,260,0.04458205884595566,0.06363644883256217,0.027493003673382692,6.517867476380228,15.824852000094683,0.5772
L363_HAEMATOPOIETIC_AND_LYMPHOID_TISSUE,0.1703,0.5378,173,0.041054423902678105,0.0555679716456839,0.026323548485583426,1.4100173306035437,7.10195460597864,0.7081
L428_HAEMATOPOIETIC_AND_LYMPHOID_TISSUE,0.1427,0.549,208,0.0410534211086248,0.0554363932203414,0.029125381174767928,1.2731456909307493,7.789232596092986,0.6917
L540_HAEMATOPOIETIC_AND_LYMPHOID_TISSUE,0.1385,0.5615,213,0.04059478094674825,0.055298208700980546,0.02923059096523714,1.3242768612663411,7.83717905501012,0.7
LAMA84_HAEMATOPOIETIC_AND_LYMPHOID_TISSUE,0.1131,0.4438,257,0.042879900350124074,0.06038414668854624,0.038021257638690076,5.664735844381611,18.60200425040822,0.5569
LC1F_LUNG,0.1154,0.5904,318,0.04506831457111113,0.0560630164498538,0.02784233132375377,5.7054101668840405,11.600975863753476,0.7058
LCLC103H_LUNG,0.1515,0.5404,248,0.03699808731648719,0.05607189366358775,0.027510811580953448,3.2481883299043246,11.285517446106443,0.6919
LCLC97TM1_LUNG,0.107,0.4052,138,0.045294054660901,0.06178497237686181,0.03152126723576324,5.701729539895514,20.18817619578133,0.5122
LI7_LIVER,0.0976,0.4634,213,0.04384245464058599,0.07059690925700754,0.02721775775964951,7.219927201853829,17.524679128765662,0.5609999999999999
LK2_LUNG,0.1358,0.4727,184,0.04038587324561576,0.06783585252224753,0.029822228732702148,3.173603410912961,12.44931951227917,0.6085
LNCAPCLONEFGC_PROSTATE,0.1525,0.3708,88,0.04536095768385144,0.07246826815163211,0.03984562047362356,1.6470801938465718,10.90066919317725,0.5233
LOUCY_HAEMATOPOIETIC_AND_LYMPHOID_TISSUE,0.1383,0.5518,207,0.04348737274644225,0.0633841482659626,0.026352521198446756,2.0251153785844545,7.68076690871931,0.6900999999999999
LOUNH91_LUNG,0.1456,0.4996,386,0.038390198540768194,0.05971913316534771,0.022651632357233605,4.916073983623622,13.044799678308923,0.6452
LOXIMVI_SKIN,0.1394,0.5782,214,0.03554166591018157,0.051205987145581576,0.02441628464604793,2.5393071076571623,9.145112754920135,0.7176
LS1034_LARGE_INTESTINE,0.1255,0.3301,74,0.052939047899310226,0.08007685669369917,0.060993948055415095,2.0533161668312356,15.248470902605412,0.4556
LS411N_LARGE_INTESTINE,0.1264,0.3245,73,0.05225158420999081,0.08389314339479906,0.056573365640586036,1.707274359009655,15.268034483370325,0.4509
LS513_LARGE_INTESTINE,0.1254,0.3291,72,0.05418575476061078,0.07989672957603554,0.049001404377296165,2.1095360839895343,15.527832479870787,0.4545
LU65_LUNG,0.0921,0.4313,119,0.04811224697775686,0.06476927767090186,0.03669113471572123,5.815983756507888,17.51094335148265,0.5234
LU99_LUNG,0.1398,0.5765,223,0.03600447071420485,0.05116827275395583,0.023227719764985336,2.9162560298331823,9.484995209716093,0.7163
LUDLU1_LUNG,0.1158,0.4806,259,0.04377425328413621,0.0638633290571605,0.026755806852374258,6.098470449483832,15.016746967075488,0.5964
M07E_HAEMATOPOIETIC_AND_LYMPHOID_TISSUE,0.1293,0.4503,375,0.04361333820013233,0.060136942817380745,0.029816346644461384,5.580983037777218,17.6669706181608,0.5796
MC116_HAEMATOPOIETIC_AND_LYMPHOID_TISSUE,0.1419,0.5454,200,0.0430803664901847,0.05303418667559963,0.03071156371421001,1.315740052523598,7.351123504567479,0.6873
MDAMB157_BREAST,0.1373,0.4667,196,0.03418650031166388,0.057447625893352686,0.027830719677568165,3.202286036704877,14.047816928115084,0.604
MDAMB175VII_BREAST,0.1598,0.3659,108,0.04271604582247936,0.065728399279082,0.04440996247348842,1.489756997360432,10.982137353614448,0.5257000000000001
MDAMB231_BREAST,0.133,0.4579,359,0.04078009163540375,0.06292607866248073,0.028048063896111218,5.4439487809777525,15.731429290933393,0.5909
MDAMB361_BREAST,0.1589,0.3653,105,0.043366994699581204,0.0692993533157599,0.03834128717166756,1.4797448904803268,10.949667643436635,0.5242
MDAMB415_BREAST,0.1598,0.3648,108,0.04288745884327221,0.06581586355444759,0.04456005415302073,1.4758419928494644,10.95879520340213,0.5246
MDAMB435S_SKIN,0.0963,0.6018,252,0.03231225360414888,0.05446187251489321,0.01937132011639607,5.378570207527704,11.627727290977994,0.6980999999999999
MDAMB453_BREAST,0.1595,0.3679,106,0.043325060485682146,0.06667790733177419,0.04366256322177994,1.485284061091013,10.723116806556504,0.5274
ME1_HAEMATOPOIETIC_AND_LYMPHOID_TISSUE,0.1629,0.5413,212,0.043674599648686384,0.056512225655747685,0.021358146438653126,1.9340376097523657,7.739828408553475,0.7041999999999999
MEG01_HAEMATOPOIETIC_AND_LYMPHOID_TISSUE,0.1063,0.4346,227,0.041446846690455695,0.061339259548242465,0.03284807644504057,5.511341302249913,19.57451899435684,0.5408999999999999
MELHO_SKIN,0.0949,0.6166,252,0.033967126204328284,0.05408916634048177,0.021136699402322757,4.702992296522823,10.696326096521235,0.7115
MELJUSO_SKIN,0.095,0.6135,248,0.03283745773341597,0.05407464069378201,0.02007014221926718,5.017140578585204,10.989411938051443,0.7085
MHHCALL2_HAEMATOPOIETIC_AND_LYMPHOID_TISSUE,0.1611,0.568,207,0.04516770283691925,0.05748424837296334,0.0333985622713145,3.7971377115252176,10.4674020983039,0.7291
MHHCALL3_HAEMATOPOIETIC_AND_LYMPHOID_TISSUE,0.1595,0.5566,203,0.04583627017020311,0.05812627731697766,0.03396060358982866,3.944565741291424,10.56458320100703,0.7161
MHHCALL4_HAEMATOPOIETIC_AND_LYMPHOID_TISSUE,0.1627,0.5684,204,0.04552956291398261,0.05786383068882397,0.034981041428784436,3.9849361399975503,10.512968674127322,0.7311000000000001
MHHES1_BONE,0.1402,0.5729,202,0.037806399873746684,0.05478342517007507,0.027018712444961648,2.67018117885294,9.92657033666551,0.7131
MHHNB11_AUTONOMIC_GANGLIA,0.1246,0.3456,104,0.04698054095140299,0.0913906792958677,0.0570166501271127,3.749206554450106,17.000571565173445,0.4702
MINO_HAEMATOPOIETIC_AND_LYMPHOID_TISSUE,0.1509,0.5366,190,0.04430235760049308,0.055631047596903856,0.02492768235303739,1.3970762895002553,7.495352442394204,0.6875
MKN1_STOMACH,0.1218,0.4541,319,0.04867966345279214,0.06977344053152104,0.03033273995543563,5.814623867133413,16.71750849809995,0.5759
MKN45_STOMACH,0.115,0.3265,50,0.05680973286192703,0.08799789403272715,0.08481762496683677,1.407565789361762,16.34221589742875,0.4415
MKN74_STOMACH,0.1398,0.4267,147,0.042442650830109514,0.06970612720909149,0.029915675543121075,3.4677472524088313,13.519039529626426,0.5665
MKN7_STOMACH,0.148,0.4665,377,0.04208307521726627,0.06146281283387777,0.02598939892917723,5.383169134428796,13.980033530850738,0.6145
MM1S_HAEMATOPOIETIC_AND_LYMPHOID_TISSUE,0.1698,0.5372,171,0.04094253534368772,0.055680901926850206,0.025294592787178487,1.399234384688109,7.123285216614951,0.7070000000000001
MOLM13_HAEMATOPOIETIC_AND_LYMPHOID_TISSUE,0.1688,0.5391,177,0.045671031505635735,0.06338788742504088,0.0304557110070862,1.3841238133850946,7.566988667798732,0.7079
MOLM16_HAEMATOPOIETIC_AND_LYMPHOID_TISSUE,0.1106,0.438,245,0.04195538392425118,0.060549073492069935,0.0373673273933187,5.393991244217067,18.72566265331099,0.5486
MOLM6_HAEMATOPOIETIC_AND_LYMPHOID_TISSUE,0.1636,0.54,210,0.04352270644034844,0.05646804325751997,0.02336125830849017,1.9729907360376544,7.80190887116019,0.7036
MOLP2_HAEMATOPOIETIC_AND_LYMPHOID_TISSUE,0.1692,0.5378,173,0.04097647097933702,0.05619825069878494,0.026619942236737852,1.4237291886179748,7.163779773296213,0.707
MOLP8_HAEMATOPOIETIC_AND_LYMPHOID_TISSUE,0.1698,0.5377,172,0.04140736990347222,0.05631973553141782,0.026651660404642,1.4008997613187877,7.112710386020302,0.7075
MOLT13_HAEMATOPOIETIC_AND_LYMPHOID_TISSUE,0.1378,0.5536,206,0.04254368460413258,0.06213157340748275,0.026182449416329613,1.8536512487024368,7.472531049208221,0.6914
MOLT16_HAEMATOPOIETIC_AND_LYMPHOID_TISSUE,0.1383,0.5549,214,0.041927235457668896,0.06162994790052537,0.028660940045131422,1.766041524856341,7.411023790780542,0.6931999999999999
MOLT3_HAEMATOPOIETIC_AND_LYMPHOID_TISSUE,0.1387,0.5539,205,0.042170622218233506,0.061591311517510745,0.02613451995478443,1.87103515756143,7.346801259685039,0.6925999999999999
MONOMAC1_HAEMATOPOIETIC_AND_LYMPHOID_TISSUE,0.1683,0.5408,174,0.045233765141052026,0.06432631981581333,0.032355059613280106,1.4444782356217818,7.52296059658465,0.7091
MONOMAC6_HAEMATOPOIETIC_AND_LYMPHOID_TISSUE,0.1678,0.5384,173,0.044952522788597016,0.06266870088209636,0.030788203887684346,1.458018696274743,7.584795177826865,0.7061999999999999
MORCPR_LUNG,0.1302,0.4521,333,0.04574138262434847,0.06407482985564046,0.02643649374858607,5.141772729311158,14.978388800911564,0.5823
MSTO211H_PLEURA,0.1402,0.5798,219,0.03632638288673433,0.05187569890065624,0.02413215192105401,2.915360682844771,9.502510379260595,0.72
MUTZ5_HAEMATOPOIETIC_AND_LYMPHOID_TISSUE,0.1606,0.5681,201,0.045199434065284025,0.05754184520250121,0.034044029568836266,3.5485971944516512,10.4842449622851,0.7287
NALM1_HAEMATOPOIETIC_AND_LYMPHOID_TISSUE,0.1624,0.5659,215,0.04526113976002335,0.057775174954711725,0.03376293710310818,3.678850155620153,10.571509935348464,0.7283
NALM6_HAEMATOPOIETIC_AND_LYMPHOID_TISSUE,0.1596,0.567,199,0.044947174079446005,0.057044763038631936,0.03310006738113694,3.806276721565183,10.491333840844502,0.7265999999999999
NAMALWA_HAEMATOPOIETIC_AND_LYMPHOID_TISSUE,0.1431,0.5451,196,0.04316618053983704,0.05385698506652552,0.027609955087746614,1.4666249622067653,7.449200086514257,0.6882
NB1_AUTONOMIC_GANGLIA,0.1327,0.3846,118,0.045507266639821645,0.08330254441691634,0.052349858114610084,3.9564277853302317,14.99052886391699,0.5173
NB4_HAEMATOPOIETIC_AND_LYMPHOID_TISSUE,0.1691,0.5372,172,0.043291935839884554,0.06024020847167965,0.025952644881803502,1.572839953482422,7.664270130508926,0.7063
NCIH1048_LUNG,0.1279,0.3899,101,0.04375138578984208,0.07890572248931278,0.05414379029766078,3.20251592605789,13.550261409707675,0.5178
NCIH1092_LUNG,0.1296,0.4721,64,0.04941495613832507,0.07065298536515699,0.0641055670506447,2.808301968922779,10.898137269089812,0.6017
NCIH1105_LUNG,0.1297,0.473,62,0.049368290835319156,0.07031044233263416,0.060808043311473686,2.9111139651932834,11.22238886730582,0.6027
NCIH1184_LUNG,0.1292,0.4647,68,0.048930168543228056,0.07221711573886708,0.06067120412307121,2.816250936244018,11.69232364538266,0.5939
NCIH1299_LUNG,0.1397,0.5762,224,0.035969418798388844,0.05088033739541611,0.025526119215364167,2.9098359002778045,9.374946897273146,0.7159
NCIH1339_LUNG,0.1409,0.5772,227,0.03663174092756471,0.051176126775493734,0.024482011408647517,2.9356189910669293,9.504612554860465,0.7181000000000001
NCIH1341_LUNG,0.1319,0.4479,160,0.041551716139085884,0.06973348043051963,0.03717254005478521,4.290551686592503,12.070254237610676,0.5798
NCIH1373_LUNG,0.1072,0.4203,145,0.04449455256944672,0.060215910849504645,0.02965454777202729,5.822687685369479,18.16323880526558,0.5275
NCIH1385_LUNG,0.1341,0.4714,66,0.050048980659289866,0.06905011775806875,0.06865430814778797,3.1038535551161672,8.379396781823834,0.6054999999999999
NCIH1395_LUNG,0.1247,0.4507,254,0.04878379595138112,0.06378476404305587,0.03496441067065485,5.721056394046627,16.064319858868068,0.5754
NCIH1435_LUNG,0.1022,0.3728,116,0.061235361070742865,0.0788297310879738,0.04928146716196655,5.067381299688583,18.476967156857015,0.47500000000000003
NCIH1437_LUNG,0.1244,0.4572,244,0.049362471767793056,0.06498782693380477,0.03558510920651264,5.933845828211847,15.847450784562273,0.5816
NCIH146_LUNG,0.129,0.4711,62,0.04952193109010129,0.06983932901862441,0.06091859957300623,2.8268894726450737,10.060106847952303,0.6001000000000001
NCIH1563_LUNG,0.1411,0.4687,359,0.04059723210272529,0.06536974432222543,0.02599593658297,5.284934029315659,15.173572525687499,0.6098
NCIH1568_LUNG,0.1479,0.4575,160,0.04044639100313876,0.06547212089066731,0.03341307247188375,3.088485362091829,12.800538793117093,0.6054
NCIH1623_LUNG,0.1211,0.464,262,0.048416834429692045,0.06344693749150179,0.03203383918970962,6.260817696988686,15.71724712464785,0.5851000000000001
NCIH1650_LUNG,0.1434,0.4696,349,0.04069667505638801,0.06229269015953551,0.023907054432662105,5.506347453513004,12.589739477220418,0.613
NCIH1693_LUNG,0.1539,0.592,287,0.03608329339325145,0.04841531771198677,0.024902069122242586,2.9267113508512117,9.734053835260557,0.7459
NCIH1703_LUNG,0.1405,0.5757,224,0.036884335399224547,0.05036055224349836,0.02689978220316005,2.796099241427108,9.469772133780287,0.7162
NCIH1734_LUNG,0.1196,0.3945,178,0.04657238112602618,0.06376644109294395,0.03898187524031011,5.223886486550626,18.425414211038085,0.5141
NCIH1755_LUNG,0.1458,0.4995,391,0.039663189760909656,0.06356305182517859,0.024846078944009545,4.413705007661927,12.85313104884831,0.6453
NCIH1781_LUNG,0.1088,0.3977,146,0.04563146055530231,0.06409952204771226,0.030907568658857975,5.773078905922012,19.50357489410145,0.5065
NCIH1792_LUNG,0.1284,0.5326,367,0.04309561186593824,0.05897784689049602,0.02765574286079029,4.958254299103866,13.36098361919078,0.6609999999999999
NCIH1838_LUNG,0.1129,0.4019,152,0.044542910702170285,0.06185712560324043,0.030480042791105635,5.503293062130011,19.565329768727025,0.5147999999999999
NCIH1869_LUNG,0.1038,0.4482,148,0.04383978507333782,0.05721897031602723,0.032252173004875685,6.031173796352865,16.383566014859017,0.552
NCIH1915_LUNG,0.1536,0.5906,407,0.03698231763627501,0.04864205201598285,0.019974552009346336,3.7785628473540016,9.555649724624443,0.7442
NCIH1930_LUNG,0.1295,0.4717,64,0.04878817295432255,0.0709358462053789,0.05933542694278393,2.71320698562177,11.390625036292992,0.6012
NCIH1944_LUNG,0.1059,0.4608,232,0.04596702826524884,0.06458385866626497,0.028581524304908117,7.385192233737182,16.58376151021293,0.5667
NCIH1963_LUNG,0.1294,0.4708,65,0.04918757224791667,0.07119327810796422,0.058722304761626085,2.63339235312195,11.32638932230365,0.6002
NCIH196_LUNG,0.1334,0.4634,196,0.032475084047531265,0.05515524863828816,0.027219792867086114,3.640637965365374,14.416749688124451,0.5968
NCIH1975_LUNG,0.127,0.4542,285,0.0443747119957291,0.058955122966226695,0.03204464005225038,6.126284247760881,16.456307722464633,0.5811999999999999
NCIH2030_LUNG,0.1451,0.5948,382,0.03664098028567627,0.050186250526761685,0.021350509897898964,4.1445589147164785,10.31234914169102,0.7399
NCIH2052_PLEURA,0.1438,0.5827,236,0.036709143418770004,0.05123694120558769,0.02463128926270471,3.015069098466451,9.902714439120999,0.7265
NCIH2073_LUNG,0.0871,0.4451,127,0.04614504356034751,0.06260138022495605,0.03280640586912678,6.40178222637925,16.4180396165354,0.5322
NCIH209_LUNG,0.1301,0.4718,65,0.04908335322982997,0.07040665306973677,0.0631839025730657,2.8847415630866857,10.425315350232728,0.6019
NCIH2110_LUNG,0.1076,0.4428,152,0.048609407658669855,0.06282634036107788,0.03631954560005781,5.75749681815855,16.112668719047935,0.5504
NCIH211_LUNG,0.1314,0.5239,155,0.04319591705382498,0.0630202226985628,0.03209307726267596,3.4359213986205925,10.008549873576522,0.6553
NCIH2122_LUNG,0.0995,0.4463,145,0.04913035663702651,0.06354295576950385,0.037874000683869515,6.31606207431785,16.219357626247838,0.5458
NCIH2170_LUNG,0.1186,0.4488,284,0.049587717123398524,0.06512986337880387,0.028853434453278707,5.6587126322179175,16.211040172466046,0.5674
NCIH2172_LUNG,0.1452,0.5942,404,0.03900343498693052,0.0518727402017244,0.021633254997225453,4.926226679227468,10.54832228064433,0.7394
NCIH2228_LUNG,0.1132,0.3944,153,0.045932503103001815,0.061576028132189424,0.04237717938463893,5.468786756168922,19.05028692455663,0.5075999999999999
NCIH226_LUNG,0.1461,0.6017,405,0.03820124270585522,0.051281323275346506,0.020532920149549078,4.13444653823826,10.029879394711054,0.7478
NCIH2286_LUNG,0.1408,0.5797,223,0.03784938767233867,0.051517029792277846,0.025615995982385023,2.938667045302489,9.64888131620277,0.7205
NCIH2291_LUNG,0.109,0.4031,142,0.04411513091333697,0.06066236553481136,0.031094528843502642,5.644836010513075,20.36376016712709,0.5121
NCIH2347_LUNG,0.1091,0.4078,148,0.044675179233305926,0.06142823449721403,0.031185660886637746,5.66893091909632,19.994193952306087,0.5169
NCIH23_LUNG,0.1404,0.5769,227,0.037102726499792016,0.05061016545127352,0.02875556133381034,3.0201627796057156,9.757253102755646,0.7172999999999999
NCIH2405_LUNG,0.1092,0.4558,220,0.04901312155804913,0.06666044892213456,0.028952273702108188,7.090941688209644,17.02434239769544,0.565
NCIH2444_LUNG,0.121,0.467,247,0.04501703716992086,0.05833415038300068,0.02835525727763911,6.407245015842606,15.758898296294264,0.5880000000000001
NCIH2452_PLEURA,0.1457,0.5964,401,0.03845829717920964,0.05136679729220023,0.0223064319122094,5.016031781508881,10.725493213339089,0.7421
NCIH28_PLEURA,0.087,0.4681,186,0.03657509579153677,0.060411867153790884,0.020575713074181556,7.436457282288101,17.052997309963228,0.5551
NCIH292_LUNG,0.1394,0.489,343,0.04633701733505205,0.06254790846089753,0.0277890059366386,5.27970114339795,14.101141029883099,0.6284
NCIH322_LUNG,0.1409,0.4706,365,0.04383343088135085,0.05968874408392187,0.02728909080350332,5.314890565081858,15.633265932435263,0.6115
NCIH3255_LUNG,0.1099,0.4051,147,0.044677720421756335,0.061661734149253196,0.032708240760546806,5.518051384419345,20.81017018206356,0.515
NCIH358_LUNG,0.1097,0.406,148,0.04418623129430477,0.0606930476605259,0.03059422564538572,5.7429508366472115,18.652237498641078,0.5157
NCIH441_LUNG,0.1079,0.4044,142,0.04351707538247548,0.06016847439503668,0.02945690267486239,5.644230716362788,21.165187696455696,0.5123
NCIH446_LUNG,0.1334,0.3741,104,0.044663167331150055,0.0859419495350619,0.05815679734757539,3.162353301296184,15.438766232838018,0.5075
NCIH460_LUNG,0.1207,0.5688,334,0.042620904892421235,0.053556392691514826,0.02801796197511895,5.498135600518705,12.172959691792519,0.6895
NCIH508_LARGE_INTESTINE,0.1328,0.3201,45,0.054073786479188236,0.08233891249693094,0.07480093626445733,1.5130813331221653,14.707813257490905,0.45289999999999997
NCIH520_LUNG,0.1331,0.467,175,0.041172871467259044,0.06805779097392163,0.030614738851424197,3.2331994760460563,12.359213501333988,0.6001000000000001
NCIH522_LUNG,0.1414,0.578,227,0.03662013838972611,0.05086125524131753,0.026636103159924353,2.7787759238747305,9.631880509241174,0.7193999999999999
NCIH524_LUNG,0.1254,0.3706,83,0.04753295345514948,0.08826497301755706,0.05832121044701982,2.6510678276703863,15.354303017114393,0.496
NCIH526_LUNG,0.1306,0.452,73,0.04713622468859565,0.07249503481902213,0.05269066706174448,2.9049838408694413,11.86893053577619,0.5826
NCIH596_LUNG,0.1372,0.4283,283,0.04992999590701392,0.06639842671248163,0.027708161806063187,5.78460840473461,16.53626139825145,0.5655
NCIH647_LUNG,0.1142,0.4645,266,0.04525264265745753,0.06334733021036061,0.029081615438741132,6.832459906672538,16.114166324021095,0.5787
NCIH660_PROSTATE,0.1319,0.4704,70,0.049401244118665935,0.06904562087230763,0.06873545394784768,3.01437994256456,9.087433729270812,0.6023
NCIH661_LUNG,0.1403,0.5797,227,0.03647332142130072,0.050902569524881036,0.025383567808798482,2.8069743754166008,9.810154015717192,0.72
NCIH69_LUNG,0.1302,0.4749,64,0.04892090961555049,0.07042794845614776,0.05968508722339503,2.9490694988429267,11.49442625330837,0.6051
NCIH716_LARGE_INTESTINE,0.124,0.4317,125,0.04611025540432597,0.06949980839661979,0.0476031089745474,2.715026814559346,12.277316894694808,0.5557
NCIH727_LUNG,0.1301,0.3897,82,0.05111507372137368,0.07631755251255162,0.05071575384365542,2.44320416999744,13.16109117747252,0.5198
NCIH747_LARGE_INTESTINE,0.1046,0.4109,101,0.0513136877482329,0.07083125397989962,0.03882033150798314,5.685268506239695,18.588207815153552,0.5155
NCIH82_LUNG,0.1326,0.3786,93,0.04564393706387995,0.08452787806942542,0.05770209645475796,3.4360420911662874,14.75991797184169,0.5112
NCIH838_LUNG,0.1472,0.5969,418,0.0370997146974315,0.04974353005860883,0.020826691996234856,4.217561885680152,9.870311208183939,0.7441
NCIH854_LUNG,0.1245,0.3202,73,0.05287558921736673,0.0851660791645453,0.06156923043553447,1.802484952021396,14.531800267375944,0.4447
NCIH889_LUNG,0.129,0.4719,62,0.04946245819282666,0.07012690556521821,0.061039832931284906,2.8408322207354906,10.36743358675273,0.6009
NCIH929_HAEMATOPOIETIC_AND_LYMPHOID_TISSUE,0.1697,0.5377,172,0.04106743393976257,0.055964411351969286,0.026567627767411096,1.3971234386670175,7.115961774702819,0.7073999999999999
NCIN87_STOMACH,0.1015,0.3705,123,0.06169664013650955,0.07869640586165627,0.056763464055435336,4.60094802448493,20.968719720483644,0.472
NCO2_HAEMATOPOIETIC_AND_LYMPHOID_TISSUE,0.1203,0.4423,301,0.04297783950915047,0.060517331954687816,0.034426554088366125,5.5652390923152755,18.166805138995983,0.5626
NIHOVCAR3_OVARY,0.081,0.4112,88,0.04921726128421797,0.06440402061094708,0.05078202975664051,4.843867635542626,21.133682942813884,0.4922
NOMO1_HAEMATOPOIETIC_AND_LYMPHOID_TISSUE,0.1687,0.5406,176,0.04519826926883197,0.06389805829980018,0.032034301501952946,1.4618966023869042,7.523375065509806,0.7092999999999999
NUDHL1_HAEMATOPOIETIC_AND_LYMPHOID_TISSUE,0.1437,0.5452,194,0.04363529916162609,0.05471971026844933,0.028046259075718123,1.6179876906978148,7.551906885773749,0.6889000000000001
NUDUL1_HAEMATOPOIETIC_AND_LYMPHOID_TISSUE,0.1443,0.5619,199,0.04263905121157751,0.05360446386891642,0.02873260174510358,1.6674840917673515,7.636495589685934,0.7061999999999999
NUGC2_STOMACH,0.1665,0.463,423,0.044281347578763806,0.06710575094552776,0.022238534436083198,4.882333484791926,14.149450451155069,0.6295000000000001
NUGC3_STOMACH,0.1315,0.527,297,0.0454023783419182,0.05534574294223356,0.02691221602700699,5.512231631409627,12.982196055963167,0.6585000000000001
NUGC4_STOMACH,0.1078,0.3206,42,0.06635815942094582,0.08955150832995262,0.07263514412517842,1.1363587061817062,13.891583308720683,0.4284
OC314_OVARY,0.1166,0.4527,317,0.041990518646188725,0.061359477545619594,0.02795779505954782,5.724138613657517,16.805047754815345,0.5693
OCIAML2_HAEMATOPOIETIC_AND_LYMPHOID_TISSUE,0.1686,0.5404,176,0.04518141783130519,0.06405650336187368,0.032083277017643116,1.4601955534615225,7.52449358870495,0.709
OCILY3_HAEMATOPOIETIC_AND_LYMPHOID_TISSUE,0.1528,0.5339,185,0.04367710663843248,0.05541910979844975,0.025254216406393658,1.2330182368508864,7.5332286682462195,0.6867000000000001
OE19_OESOPHAGUS,0.1115,0.3176,39,0.06603346911329802,0.0880466158212751,0.07037569453940151,1.035062826284874,13.001077033176285,0.4291
OE21_OESOPHAGUS,0.1114,0.5884,273,0.04129763909814092,0.05329198095322927,0.022374931131752707,6.244570785322511,11.695661767652142,0.6998
OE33_OESOPHAGUS,0.0986,0.408,122,0.05229120855231942,0.07044279119785446,0.03524478210281251,5.802627033963724,19.272551048950252,0.5065999999999999
ONCODG1_OVARY,0.0692,0.4535,84,0.04810854347449856,0.058131671947389725,0.03627635915993522,5.259592209132318,21.69401644788097,0.5227
ONS76_CENTRAL_NERVOUS_SYSTEM,0.1123,0.4641,305,0.041890109951053925,0.06301441934851283,0.027573208926583766,6.1790947015479825,16.608316252349155,0.5764
OPM2_HAEMATOPOIETIC_AND_LYMPHOID_TISSUE,0.1701,0.5378,174,0.04111964860299632,0.05570696550318106,0.027578491038620173,1.4020127591872082,7.104558007858467,0.7079
OSRC2_KIDNEY,0.0917,0.4715,223,0.039483927059933234,0.06403576913638541,0.022502502980413803,7.707722737372322,17.244236806420865,0.5631999999999999
OVCAR4_OVARY,0.0646,0.4627,88,0.04762233741687339,0.05649042180654748,0.028643803292016354,5.530545101797759,21.162908932594622,0.5273
OVCAR8_OVARY,0.1434,0.5826,235,0.03711424017219231,0.0507412104015334,0.026736955355033426,2.9472482391270076,9.941200680736248,0.726
OVISE_OVARY,0.0561,0.4225,105,0.047888013385950466,0.06031502070472127,0.025902101917043212,4.351412731572574,22.09348076894528,0.47859999999999997
OVKATE_OVARY,0.091,0.4237,113,0.049594861245026496,0.06140784300426105,0.050076827679043194,4.852175488841897,20.455408368621118,0.5147
OVMANA_OVARY,0.0671,0.4193,135,0.04368946421966829,0.06111659359522308,0.02527954247812273,4.51849164038648,20.11715980954631,0.4864
OVSAHO_OVARY,0.0653,0.464,90,0.04702173981276428,0.056586620482897705,0.03181827075734223,5.536391466559216,21.618416520195783,0.5293
OVTOKO_OVARY,0.0575,0.4162,124,0.047499295671152526,0.062466048357125756,0.022302109774724365,3.449879247766315,20.39453336373607,0.4737
P12ICHIKAWA_HAEMATOPOIETIC_AND_LYMPHOID_TISSUE,0.1388,0.554,205,0.04232032420752422,0.061598593511901605,0.026137668058072917,1.8746706015988317,7.3512407331587175,0.6928000000000001
P31FUJ_HAEMATOPOIETIC_AND_LYMPHOID_TISSUE,0.169,0.5387,175,0.04557570491381755,0.06262325078000561,0.030371208821738424,1.494322147672328,7.583717421906028,0.7077
P3HR1_HAEMATOPOIETIC_AND_LYMPHOID_TISSUE,0.1432,0.5545,208,0.04256536829288957,0.053129742916685846,0.030836200228658423,1.3119540354971173,7.093869429670652,0.6977
PANC0203_PANCREAS,0.1021,0.4427,134,0.04791605448830295,0.06283657481683294,0.03430130224310031,5.796572699397307,16.388441164892374,0.5448
PANC0213_PANCREAS,0.1586,0.4759,350,0.04376243876114967,0.06216547765922829,0.02221926460239663,4.567545633174129,11.878292282072529,0.6345
PANC0327_PANCREAS,0.1148,0.4696,229,0.04425564033549498,0.059426851768961585,0.029552345021420914,6.465479475755605,15.862882163593442,0.5844
PANC0403_PANCREAS,0.1036,0.4446,139,0.05002815099786912,0.06507403020431374,0.037154737641759916,5.650937211789587,16.2013078306924,0.5482
PANC0504_PANCREAS,0.1046,0.4336,121,0.05196752066024561,0.06826825653198133,0.04083842598988301,5.746625537710125,17.147325824060157,0.5382
PANC0813_PANCREAS,0.1021,0.4382,133,0.051116379713668614,0.0665470554302792,0.03571756590437309,5.78448385934744,17.278121416278548,0.5403
PANC1005_PANCREAS,0.1035,0.4113,138,0.04907376645478872,0.06786940651874857,0.035033064140204385,5.6852494170985075,18.61034295805395,0.5148
PC14_LUNG,0.1257,0.4622,258,0.04854627628385592,0.06276129287204604,0.03052079169861044,6.190720415569145,15.776436289313883,0.5879
PEER_HAEMATOPOIETIC_AND_LYMPHOID_TISSUE,0.139,0.5554,207,0.04310133911193146,0.06269434527413094,0.02515532985557369,2.1519794605086444,7.566309174202641,0.6944
PF382_HAEMATOPOIETIC_AND_LYMPHOID_TISSUE,0.1389,0.5539,205,0.042252379045204624,0.06144847448734503,0.026120903242120366,1.8575897798200465,7.339310946744705,0.6928
PFEIFFER_HAEMATOPOIETIC_AND_LYMPHOID_TISSUE,0.1574,0.5348,186,0.04211357683676003,0.053950280011263396,0.028883766179461912,1.2366936176975654,7.351635920137203,0.6922
PK1_PANCREAS,0.1214,0.4712,266,0.04642850537349854,0.06285386182511736,0.029153237608837822,6.385947692384355,15.668868829512842,0.5926
PK45H_PANCREAS,0.1097,0.4613,273,0.04766740404436351,0.06556801622467548,0.03280992460973994,6.586438758298493,16.553495196132932,0.571
PK59_PANCREAS,0.1084,0.432,129,0.0531053399775751,0.06952235578526572,0.044562544222195424,5.616942197510915,16.34886076757933,0.5404
PL21_HAEMATOPOIETIC_AND_LYMPHOID_TISSUE,0.1678,0.5386,173,0.04488627382196623,0.0631227506322271,0.030727963164071243,1.4027060743462316,7.5432248501767365,0.7063999999999999
PSN1_PANCREAS,0.1084,0.4664,228,0.047225405472581944,0.06508195430568292,0.028296285442943072,7.21997506171373,16.590671125794696,0.5748
QGP1_PANCREAS,0.1389,0.3958,97,0.04872058689008057,0.07501129168866773,0.05996595190485781,3.2518036292450025,8.941206392877138,0.5347
RAJI_HAEMATOPOIETIC_AND_LYMPHOID_TISSUE,0.1438,0.5454,202,0.042885414133360035,0.05290241114100598,0.030499403093564612,1.2659491790619655,7.32640244013259,0.6892
RCHACV_HAEMATOPOIETIC_AND_LYMPHOID_TISSUE,0.1531,0.5603,189,0.0460785053811653,0.05691987426518404,0.03363305788207469,3.545639954796537,10.454593239425929,0.7134
RDES_BONE,0.1398,0.5669,203,0.03790998544101449,0.05656079333035663,0.028423251645227104,2.7672662934049583,10.038079428504826,0.7067
REC1_HAEMATOPOIETIC_AND_LYMPHOID_TISSUE,0.1592,0.5372,180,0.04155332409316343,0.0551268467718972,0.025629226671275655,1.415913334146783,7.402457326682275,0.6964
REH_HAEMATOPOIETIC_AND_LYMPHOID_TISSUE,0.148,0.5606,223,0.04698826514076069,0.05688944369907628,0.03159761134731873,2.957635231737299,9.848842550585173,0.7086
RERFGC1B_STOMACH,0.1328,0.4514,148,0.04010246710421297,0.0668371620038977,0.040440790120766526,2.6223725222237197,12.410025057358313,0.5842
RERFLCAD1_LUNG,0.1102,0.4034,145,0.04259762016697862,0.05840348423531053,0.030637034275392005,5.4811522655587375,21.127007965532616,0.5136
RERFLCAD2_LUNG,0.1227,0.4695,275,0.046610577718864385,0.05985576035842766,0.031572490288928924,6.306442499725029,15.679309812483753,0.5922
RERFLCKJ_LUNG,0.1142,0.4324,156,0.051480134882415506,0.06493093924189472,0.04303697298994782,5.417108777256762,16.264489951997177,0.5466
RERFLCSQ1_LUNG,0.1379,0.4646,191,0.035238353933505086,0.05947395152492785,0.030532293722343336,3.1188135561240684,13.923920737551615,0.6025
RH18_SOFT_TISSUE,0.1324,0.4705,184,0.03743408292886938,0.059657979849584944,0.02979657937066504,3.411776316452843,13.872006518177699,0.6029
RH30_SOFT_TISSUE,0.1416,0.487,219,0.03875811673562579,0.06290013555046503,0.03470915193153753,3.1432288419145573,13.410389848291848,0.6286
RH41_SOFT_TISSUE,0.1346,0.4753,207,0.03995389725409195,0.06432728668654397,0.030703621896771525,2.9409516432996328,13.890773726901953,0.6099
RI1_HAEMATOPOIETIC_AND_LYMPHOID_TISSUE,0.157,0.5362,189,0.04288388390053175,0.05494472150886078,0.027169502215356838,1.3677781101193773,7.419493379062732,0.6932
RL_HAEMATOPOIETIC_AND_LYMPHOID_TISSUE,0.1442,0.5608,221,0.04177232107997015,0.05305572968538836,0.03169276956863015,1.3494460139109672,6.9863015675188676,0.705
RPMI8226_HAEMATOPOIETIC_AND_LYMPHOID_TISSUE,0.1696,0.5369,172,0.0407872407844488,0.055676205422780935,0.023956633031246947,1.44276407517246,7.174466501751292,0.7065
RPMI8402_HAEMATOPOIETIC_AND_LYMPHOID_TISSUE,0.1387,0.5539,206,0.04250529600854973,0.061707793260266104,0.026122950793175448,1.9346147108410292,7.422241649123812,0.6925999999999999
RS411_HAEMATOPOIETIC_AND_LYMPHOID_TISSUE,0.1442,0.568,208,0.04352135845493755,0.05705622240322515,0.025891232747487673,2.329598001412718,8.763501086113845,0.7121999999999999
RT112_URINARY_TRACT,0.1336,0.4627,296,0.0492342931425963,0.06515285905652364,0.028560995616862594,5.848373314401849,15.975302215505693,0.5963
RVH421_SKIN,0.0963,0.6153,255,0.033741261128117525,0.05389468287338675,0.020851415238037962,4.7585669684302525,10.742488098009689,0.7116
SET2_HAEMATOPOIETIC_AND_LYMPHOID_TISSUE,0.1086,0.4347,235,0.042151323675963255,0.06114354924937054,0.03430284130025597,5.422317406898809,19.40225185425813,0.5433
SF268_CENTRAL_NERVOUS_SYSTEM,0.1394,0.4995,194,0.03337445898459634,0.053159035537385706,0.027571304240934534,3.0949586070172828,12.833675562079597,0.6389
SF295_CENTRAL_NERVOUS_SYSTEM,0.1383,0.4713,186,0.033328047889488455,0.05579566115431208,0.026879186950301715,3.2008637473598025,13.576396595655158,0.6096
SF539_CENTRAL_NERVOUS_SYSTEM,0.135,0.4628,189,0.03308920557430714,0.055470094113669,0.026765381932091027,3.380024693164794,14.31453644820544,0.5978
SH10TC_STOMACH,0.1491,0.613,414,0.03830056312411344,0.051355770593600435,0.022645412648024926,3.931999700814327,9.993776901366699,0.7621
SHP77_LUNG,0.1369,0.4698,74,0.04958213478788466,0.06901753770325521,0.07156558560665247,3.291022566597422,8.238476112739747,0.6067
SIMA_AUTONOMIC_GANGLIA,0.127,0.3441,94,0.04621730091133385,0.09215601949751086,0.05945338055537209,3.217103520453752,17.048751419810053,0.4711
SJSA1_BONE,0.1343,0.4655,194,0.033675492734617944,0.05637973380237693,0.028128761342521548,3.423377346491254,14.286120399590176,0.5998
SKM1_HAEMATOPOIETIC_AND_LYMPHOID_TISSUE,0.1689,0.5381,177,0.04470340577673015,0.061920969619725555,0.030032194649053434,1.432799014888356,7.610501670325578,0.7070000000000001
SKMEL30_SKIN,0.0951,0.6158,252,0.03420975389018211,0.05392701700558626,0.021051419593000713,4.771760130766133,10.732592495239961,0.7109
SKMEL5_SKIN,0.095,0.6159,252,0.0341194478963857,0.05389221451172364,0.021042561793715383,4.787840307771761,10.73700957325923,0.7109
SKMM2_HAEMATOPOIETIC_AND_LYMPHOID_TISSUE,0.1695,0.5389,171,0.041226532629600264,0.05592288605039403,0.02534355357880575,1.4169910025006462,7.110036661046642,0.7084
SNB75_CENTRAL_NERVOUS_SYSTEM,0.1349,0.4663,195,0.03284209351997837,0.0544306914488636,0.026957598855438195,3.5994894314592685,14.384767534863228,0.6012
SNU1033_LARGE_INTESTINE,0.1258,0.3314,77,0.05234365484398352,0.08102011844138222,0.06213324977596074,1.8199516129975948,14.577563681559147,0.45719999999999994
SNU1040_LARGE_INTESTINE,0.1246,0.3205,81,0.05268641951829143,0.08224163349800152,0.057242839004622646,1.75639757194824,15.501977129584883,0.4451
SNU1041_UPPER_AERODIGESTIVE_TRACT,0.1353,0.5781,314,0.04808327105295473,0.055264145497763484,0.026636869112050914,5.356459559605472,11.567596908360022,0.7133999999999999
SNU1066_UPPER_AERODIGESTIVE_TRACT,0.1759,0.5749,431,0.04339906917833758,0.05651351829096703,0.022106745436372338,4.697250285812843,10.34959005138447,0.7507999999999999
SNU1076_UPPER_AERODIGESTIVE_TRACT,0.161,0.5731,399,0.046598949822787665,0.055449429433734945,0.023205310997250712,4.582818299391361,11.006176830861275,0.7341000000000001
SNU1077_ENDOMETRIUM,0.0596,0.4154,99,0.046598785088466495,0.0625908779347187,0.02748954476926736,5.594547065534776,21.810551209874014,0.475
SNU1079_BILIARY_TRACT,0.0716,0.4323,110,0.04567015921480594,0.06679726083977595,0.02343786521439621,6.273678389758147,18.102060374412687,0.5039
SNU1105_CENTRAL_NERVOUS_SYSTEM,0.1354,0.467,188,0.03376312577606273,0.055463713115237664,0.02818965739945215,3.4712628265219663,14.099950200971154,0.6024
SNU1196_BILIARY_TRACT,0.1014,0.3737,127,0.06173322218976438,0.07864327906911475,0.05578462468754907,4.810657642211602,19.57326279937093,0.47509999999999997
SNU119_OVARY,0.0767,0.4156,80,0.048635140241271455,0.06260045468621106,0.040698185068616825,5.289835805534756,22.382060949217514,0.4923
SNU1214_UPPER_AERODIGESTIVE_TRACT,0.1273,0.5817,300,0.04719853387757983,0.055008667446046065,0.025908805990187567,5.062141790064973,11.510692635216538,0.709
SNU1272_KIDNEY,0.0868,0.4676,178,0.03921155247162471,0.06219934519350487,0.021618439071462905,7.607370922789042,17.148194024713504,0.5544
SNU16_STOMACH,0.116,0.3006,36,0.05804357921830722,0.0902289095724375,0.07940175959667191,0.8737879097917925,13.086564196882707,0.41659999999999997
SNU175_LARGE_INTESTINE,0.1206,0.3118,47,0.05289499494087681,0.08476206288664964,0.08164681282890854,1.547861037837528,14.039713272917973,0.4324
SNU182_LIVER,0.1429,0.4739,227,0.038078352879624744,0.06263177718841155,0.029315520786695123,3.3778026474373806,13.581278237611075,0.6168
SNU1_STOMACH,0.1386,0.5806,227,0.03733569646917798,0.05148629987503078,0.026711642953836236,3.0231857509793194,9.88416303101209,0.7192000000000001
SNU201_CENTRAL_NERVOUS_SYSTEM,0.1337,0.4645,194,0.03285034661361875,0.054143919534845535,0.027029508344175206,3.688554058766754,14.462303089488682,0.5982000000000001
SNU213_PANCREAS,0.1218,0.4561,240,0.04698410049588308,0.061787756913365646,0.030751109962402337,6.282916600371555,16.0676895893532,0.5779
SNU216_STOMACH,0.1264,0.4391,255,0.0496043104218603,0.06410161562230043,0.03153292834983372,6.037886494050366,16.59094433631873,0.5655
SNU245_BILIARY_TRACT,0.1208,0.3058,37,0.057791122023928984,0.08911929388694612,0.08907840776004652,0.9514946305078871,13.404388986452666,0.42660000000000003
SNU283_LARGE_INTESTINE,0.1196,0.3076,31,0.056389668065196255,0.08677368158206147,0.08873350039281781,1.144455169839126,13.655040841013998,0.42719999999999997
SNU308_BILIARY_TRACT,0.1188,0.4717,250,0.043469743450078376,0.062484578580403335,0.025232666832433078,6.356824981594525,15.425909763238625,0.5905
SNU324_PANCREAS,0.1004,0.4044,129,0.04346171986997586,0.06269967470304966,0.03190761729363871,5.8579612406283035,20.17503657968657,0.5048
SNU349_KIDNEY,0.0999,0.4767,261,0.04032047584982314,0.060491528607927156,0.025557403042092107,7.140384631661328,16.974319839850807,0.5766
SNU387_LIVER,0.1457,0.4782,356,0.03489018659325569,0.058653577588859376,0.0222403991824482,4.036203648156056,13.83015950672779,0.6239
SNU398_LIVER,0.1409,0.5779,221,0.03786235926212063,0.0526383410681311,0.026531125856226415,2.855099305848423,9.74015661630515,0.7188
SNU407_LARGE_INTESTINE,0.1254,0.3305,80,0.052667488841736027,0.08230131830075023,0.06085464027691576,2.0572232675002855,15.412894576094903,0.4559
SNU410_PANCREAS,0.11,0.4581,270,0.048143266889528614,0.0656465271305972,0.03410380794955193,6.114495149823858,16.51585913598968,0.5681
SNU423_LIVER,0.1464,0.4909,350,0.036320651593724974,0.059169641839898535,0.022458976322290488,3.9960493723208215,13.178104944883675,0.6373
SNU449_LIVER,0.089,0.4574,197,0.04254152331432221,0.06632273306084663,0.026478355754109093,7.784254915228484,17.777187631117727,0.5464
SNU466_CENTRAL_NERVOUS_SYSTEM,0.1471,0.5804,241,0.030203505180683404,0.045293615523981444,0.02384605940701281,3.2518667397562018,11.421615648955884,0.7275
SNU46_UPPER_AERODIGESTIVE_TRACT,0.1402,0.4623,367,0.04193586661613244,0.06628332688544607,0.025996879529548107,5.419460674527119,14.637643592637474,0.6025
SNU475_LIVER,0.146,0.4699,248,0.035086396149489836,0.06104605681528146,0.027018328141781116,3.4353817912251476,14.187870557612097,0.6159
SNU478_BILIARY_TRACT,0.0967,0.4262,119,0.050167220416212216,0.0668708731956291,0.03363149572706757,6.024230235714615,17.59948409655734,0.5229
SNU489_CENTRAL_NERVOUS_SYSTEM,0.1355,0.4643,191,0.03285380613789811,0.05469860950968466,0.02771704098179955,3.401520501496747,14.151786741810369,0.5998
SNU503_LARGE_INTESTINE,0.112,0.5876,290,0.04321599252610234,0.057040500682638086,0.02770069431294278,5.547208255575823,11.707253781786292,0.6996
SNU520_STOMACH,0.1183,0.3149,39,0.06288887527275305,0.09188914247365652,0.09132551439624755,0.9063560385079281,13.663972293117306,0.43320000000000003
SNU601_STOMACH,0.0819,0.3211,59,0.08286189607081651,0.09244379828535028,0.08310986819806829,1.9436973114676928,16.104620626554244,0.403
SNU61_LARGE_INTESTINE,0.1174,0.3081,39,0.056758533091551135,0.08851246103330887,0.09637515463003414,1.062400485894807,13.205838461098903,0.4255
SNU620_STOMACH,0.1219,0.3146,41,0.06077994297876395,0.09158494737137408,0.08698126693755842,0.9150373188002535,13.733910668505949,0.4365
SNU626_CENTRAL_NERVOUS_SYSTEM,0.1329,0.4664,192,0.033715222274591033,0.054560592871812315,0.0272905000111627,3.7759788346248824,14.420929646992978,0.5992999999999999
SNU668_STOMACH,0.1044,0.4596,255,0.046746024678515095,0.06649948737088605,0.030703404842093107,7.092637948200645,16.677320289732204,0.5640000000000001
SNU685_ENDOMETRIUM,0.1472,0.4721,215,0.03579108162197766,0.06153103859620289,0.027568703165033764,3.074465477788496,13.981020944077441,0.6193
SNU719_STOMACH,0.1176,0.3101,36,0.0631691900157651,0.09204415654984555,0.08721203322410034,0.8797525399737977,13.304487644564421,0.42769999999999997
SNU738_CENTRAL_NERVOUS_SYSTEM,0.1526,0.5895,285,0.03699513675269161,0.0514982178291684,0.02355572724936871,3.0996423606380525,10.088150081073538,0.7421
SNU761_LIVER,0.0809,0.4481,136,0.04521534270140417,0.06990887439588793,0.028274811216145807,7.195918778536578,17.957431935256178,0.529
SNU81_LARGE_INTESTINE,0.1141,0.3014,42,0.05594488996414945,0.08918948973855931,0.09043892983174037,1.1726620960577117,14.009002939064338,0.4155
SNU840_OVARY,0.1443,0.4774,364,0.041550614931366935,0.06359023191913513,0.025134134243709954,5.402591962171578,13.39185696626256,0.6217
SNU869_BILIARY_TRACT,0.1027,0.3841,83,0.05150002890008702,0.07602402652909043,0.04753451973659294,5.462517406971638,22.025954710898368,0.4868
SNU878_LIVER,0.0936,0.4646,217,0.04421360850801911,0.06675156344938736,0.02918606630051055,7.845152569363105,17.541748819069923,0.5582
SNU886_LIVER,0.1041,0.463,264,0.04546423950350222,0.06523427362003023,0.029719891640582148,7.1700445416542005,17.098910390925862,0.5671
SNU899_UPPER_AERODIGESTIVE_TRACT,0.1399,0.5071,300,0.04900796500615599,0.06103296303854508,0.027884096866849416,5.204838904958412,13.404210757991535,0.647
SNU8_OVARY,0.0878,0.4488,134,0.04464275313128952,0.05946203450750658,0.030524924895487606,6.422735629352358,16.396487580244372,0.5366
SNUC1_LARGE_INTESTINE,0.1214,0.31,30,0.05617420620014051,0.08550434049904065,0.09045317888938251,1.199935168108741,13.969662753051656,0.4314
SNUC4_LARGE_INTESTINE,0.1164,0.3048,40,0.05565854625149315,0.08676603801394954,0.09464777615690244,1.302840640073945,14.09440976415339,0.4212
SNUC5_LARGE_INTESTINE,0.1019,0.3709,124,0.05959276415287219,0.07729213946501926,0.053165316505366995,4.856081085297666,19.70259612478718,0.4728
SQ1_LUNG,0.1061,0.4451,149,0.044427771496046084,0.05878662302467402,0.032190849944932105,5.886209799342261,16.55965657319905,0.5512
SR786_HAEMATOPOIETIC_AND_LYMPHOID_TISSUE,0.1386,0.5682,214,0.03891767482634805,0.053246145539104374,0.030231205039488823,1.4019788390542767,7.833622629591936,0.7068000000000001
ST486_HAEMATOPOIETIC_AND_LYMPHOID_TISSUE,0.1437,0.5531,205,0.04369083421230696,0.054044011277044696,0.029086351619607723,1.5621325418729333,7.321742698457874,0.6968000000000001
SU8686_PANCREAS,0.1459,0.4054,253,0.04718219770184475,0.0687137371286742,0.025361148585887384,5.064380293800533,16.702087562790958,0.5513
SUDHL10_HAEMATOPOIETIC_AND_LYMPHOID_TISSUE,0.1425,0.5604,228,0.04161327402427463,0.053335378421229034,0.029096299871839384,1.38760149691283,6.944757153321227,0.7029
SUDHL1_HAEMATOPOIETIC_AND_LYMPHOID_TISSUE,0.137,0.5703,215,0.03962963712971678,0.05459896062140819,0.03153473996988984,1.6531491577349986,7.90604993065968,0.7073
SUDHL4_HAEMATOPOIETIC_AND_LYMPHOID_TISSUE,0.143,0.5606,228,0.04165007797281985,0.05323808329775834,0.02909588505056977,1.3660775190998424,6.931373767079386,0.7036
SUDHL5_HAEMATOPOIETIC_AND_LYMPHOID_TISSUE,0.1437,0.5549,216,0.04258389070963881,0.05376487268687073,0.030297532944745135,1.333652576987476,6.980017959018537,0.6985999999999999
SUDHL6_HAEMATOPOIETIC_AND_LYMPHOID_TISSUE,0.1457,0.5473,212,0.04292722686113957,0.05345861779996985,0.02945040452895146,1.3123175133713674,7.085385264189593,0.6930000000000001
SUDHL8_HAEMATOPOIETIC_AND_LYMPHOID_TISSUE,0.1443,0.5621,201,0.04293863870675122,0.053759517377283045,0.03071846167193277,1.6164269357012566,7.539515407208973,0.7064
SUPM2_HAEMATOPOIETIC_AND_LYMPHOID_TISSUE,0.1363,0.5713,210,0.03922934453324934,0.05331900469334207,0.028503880325655453,1.5964620958865796,7.834424511598628,0.7076
SUPT11_HAEMATOPOIETIC_AND_LYMPHOID_TISSUE,0.1377,0.5542,208,0.04265402487345709,0.06171601783493822,0.02856932524516602,1.8813543049165855,7.282229911535913,0.6919
SUPT1_HAEMATOPOIETIC_AND_LYMPHOID_TISSUE,0.1391,0.5535,206,0.042053783291063046,0.061547596116664945,0.026052398192858456,1.8444835254684517,7.317276942949104,0.6926
SW1088_CENTRAL_NERVOUS_SYSTEM,0.1357,0.4639,188,0.03341894907013615,0.05537406632329446,0.027723726398042804,3.509797985503264,14.290869875499265,0.5995999999999999
SW1353_BONE,0.1383,0.4635,182,0.033957702915847765,0.05623740697856106,0.03167918740004123,3.07836819200169,13.572080652210785,0.6018
SW1463_LARGE_INTESTINE,0.1266,0.3285,72,0.05351156683535424,0.08020529532090824,0.04897097267425574,2.0920562706841377,15.350007735955703,0.4551
SW1783_CENTRAL_NERVOUS_SYSTEM,0.1379,0.4659,190,0.033622233927567635,0.0557547563290885,0.028362246443837533,3.159846712112902,13.965975972530957,0.6038
SW1990_PANCREAS,0.1162,0.47,264,0.04555670994107729,0.06153700887816787,0.027766150009656442,6.625425458024073,15.821500677562073,0.5861999999999999
SW837_LARGE_INTESTINE,0.1038,0.3719,105,0.05914906406858489,0.07789224160568103,0.057962040206903515,5.106582261345189,19.80143049498183,0.4757
T47D_BREAST,0.1596,0.3679,106,0.04313799987866066,0.06622129586075165,0.04336465504220965,1.5005208112058914,10.71059552441794,0.5275
TALL1_HAEMATOPOIETIC_AND_LYMPHOID_TISSUE,0.1392,0.5539,207,0.042400629448417826,0.0615492455281142,0.025988228760277853,1.8755688512729398,7.3425690501396845,0.6930999999999999
TCCPAN2_PANCREAS,0.0868,0.417,107,0.05508243130216745,0.07423005156484495,0.037637761824116205,6.193938205852472,19.080417348284865,0.5038
TE10_OESOPHAGUS,0.1183,0.5851,289,0.043974206588794765,0.05386529219211253,0.0253621409319508,5.842654941889083,11.72878063197992,0.7033999999999999
TE11_OESOPHAGUS,0.121,0.5846,288,0.04492282737526205,0.055141637839363204,0.02486282116647463,5.547797793216603,11.515859008286517,0.7056
TE14_OESOPHAGUS,0.1163,0.5875,283,0.04487184808744014,0.05573740032849326,0.024884310475867123,5.558613810575167,11.713516566256382,0.7038
TE15_OESOPHAGUS,0.1315,0.5788,305,0.04767110992090727,0.05453436796063479,0.026531027645268494,5.404459389212396,11.587343117643943,0.7102999999999999
TE1_OESOPHAGUS,0.1464,0.461,212,0.03951052402440142,0.0654188689100106,0.03041733627871012,3.6561796611835797,12.77642800561638,0.6074
TE4_OESOPHAGUS,0.1323,0.4555,290,0.04749875403512632,0.06238970593502306,0.031987629208944234,5.907071660357885,15.908996647452936,0.5878
TE5_OESOPHAGUS,0.171,0.5802,451,0.04383807299999792,0.05603073384441653,0.021844289141393063,4.447135589408742,10.172426668183201,0.7512000000000001
TE6_OESOPHAGUS,0.1126,0.5816,307,0.044202343085252734,0.05623873613898535,0.02891794774823341,5.4732992195252415,11.841447411124104,0.6942
TE8_OESOPHAGUS,0.1447,0.4601,191,0.0405502429958433,0.06869000171662136,0.03848110862204239,3.1512720458049714,12.923072509077361,0.6048
TE9_OESOPHAGUS,0.1302,0.5793,302,0.04752708654693352,0.05532227029161548,0.026111328463955103,5.158318628802759,11.533808536772998,0.7095
TF1_HAEMATOPOIETIC_AND_LYMPHOID_TISSUE,0.1084,0.4407,237,0.0422841317961376,0.060938681807942874,0.03576602118680606,5.521822951131455,19.01171299728087,0.5490999999999999
THP1_HAEMATOPOIETIC_AND_LYMPHOID_TISSUE,0.1685,0.5404,176,0.04531895725051193,0.064308878102685,0.03209316757419845,1.4572155955441948,7.530424483580933,0.7089
TOLEDO_HAEMATOPOIETIC_AND_LYMPHOID_TISSUE,0.1452,0.5713,217,0.04231493117499922,0.05454146802342548,0.0299742806673827,1.985466824472683,8.32028841742004,0.7165
TT2609C02_THYROID,0.1466,0.5974,399,0.03873227407351999,0.05117121827567365,0.02204058968168527,4.9845195647931915,10.587414408460015,0.744
TUHR10TKB_KIDNEY,0.0954,0.4673,227,0.03967512379033423,0.06335327073386113,0.02399943535608654,6.994706358287673,16.868374481780066,0.5627
TUHR14TKB_KIDNEY,0.0861,0.4722,188,0.03884450844483173,0.06201901042505343,0.021900414089917823,8.035876424771843,17.267805009954262,0.5583
U266B1_HAEMATOPOIETIC_AND_LYMPHOID_TISSUE,0.17,0.537,174,0.04100383625107213,0.05588342624759346,0.028930344332602026,1.3970053719622397,7.146942824640241,0.7070000000000001
UACC257_SKIN,0.0946,0.617,253,0.03399169656857854,0.05419600919168024,0.021045164346174546,4.7664705436423,10.711419495535603,0.7116
UACC62_SKIN,0.0955,0.6109,246,0.03380929787396891,0.05380258631861163,0.018976716175510812,5.067882824729935,11.025859088640356,0.7064
UACC812_BREAST,0.1597,0.365,106,0.04260493719164322,0.06563447711489796,0.04504623831115856,1.5186684355679305,10.791252557661469,0.5246999999999999
UO31_KIDNEY,0.1192,0.4706,310,0.04213676708734543,0.06255975875622664,0.028651130774933604,5.743466256389043,15.67989702800546,0.5898
WM1799_SKIN,0.0955,0.614,252,0.03376104057673678,0.0539546379998496,0.02095622234129847,4.739896723645535,10.828613176300156,0.7095
WM793_SKIN,0.1324,0.5795,384,0.03621845096034571,0.051265517407563396,0.020677307086691504,4.658790989798523,11.58871509847132,0.7119
WM88_SKIN,0.096,0.6122,249,0.034571263003414274,0.05392498542495533,0.020995544998698865,5.053501818186377,10.951285412946579,0.7081999999999999
WM983B_SKIN,0.0956,0.6131,250,0.03410027623982438,0.05386781185333258,0.021041701064492088,4.897941252088121,10.854574861490635,0.7087
WSUDLCL2_HAEMATOPOIETIC_AND_LYMPHOID_TISSUE,0.1422,0.561,233,0.041306511178887804,0.05322196410103497,0.02863875050966769,1.3290655400445521,6.92401312546933,0.7032
YAPC_PANCREAS,0.1072,0.3752,90,0.05093775443140676,0.07528360168429848,0.049465700846813676,5.603978841597109,20.5776144132591,0.4824
YD10B_UPPER_AERODIGESTIVE_TRACT,0.1282,0.5789,294,0.045610533555340546,0.05362446088030534,0.02591283119502868,5.192443298001647,11.37962735498821,0.7071
YD15_SALIVARY_GLAND,0.1287,0.5833,299,0.04603320683927467,0.053491592559205194,0.025114961193641067,5.250382311965309,11.3716966704507,0.7120000000000001
YD38_UPPER_AERODIGESTIVE_TRACT,0.1347,0.5822,319,0.04624411388136828,0.05320023469455687,0.026315567756046095,5.083042607766032,11.212096076094502,0.7169000000000001
YD8_UPPER_AERODIGESTIVE_TRACT,0.1436,0.4779,350,0.0385052497445155,0.06132702352829999,0.022904973911467275,4.5645981773026145,13.73695987484126,0.6214999999999999
ZR751_BREAST,0.1597,0.3653,106,0.04336662618488043,0.06659439005508717,0.04562648340984089,1.502183714943785,10.843867214487965,0.525
ZR7530_BREAST,0.1598,0.3664,108,0.042827968692701106,0.06621976055986427,0.044620974647898534,1.4950759194223864,10.752527835205843,0.5262
